
[2026-10-04T09:45:11.489754+00:00] $ /usr/bin/python3 -u /content/Reversability/scripts/run_reversible_study.py matched --artifacts /content/drive/MyDrive/Reversability/baseline-recovery-7bldlite/artifacts
Traceback (most recent call last):
  File "/content/Reversability/scripts/run_reversible_study.py", line 206, in <module>
    if __name__=='__main__': main()
                             ~~~~^^
  File "/content/Reversability/scripts/run_reversible_study.py", line 145, in main
    if v!=expected[k]:raise RuntimeError(f'baseline software mismatch: {k}: {v} != {expected[k]}')
                      ^^^^^^^^^^^^^^^^^^^^^^^^^^^^^^^^^^^^^^^^^^^^^^^^^^^^^^^^^^^^^^^^^^^^^^^^^^^^
RuntimeError: baseline software mismatch: torch: 2.11.0+cu130 != 2.11.0+cu128

[2026-10-04T09:48:15.022779+00:00] $ /usr/bin/python3 -u /content/Reversability/scripts/run_reversible_study.py matched --artifacts /content/drive/MyDrive/Reversability/baseline-recovery-7bldlite/artifacts
Traceback (most recent call last):
  File "/content/Reversability/scripts/run_reversible_study.py", line 206, in <module>
    if __name__=='__main__': main()
                             ~~~~^^
  File "/content/Reversability/scripts/run_reversible_study.py", line 145, in main
    if v!=expected[k]:raise RuntimeError(f'baseline software mismatch: {k}: {v} != {expected[k]}')
                      ^^^^^^^^^^^^^^^^^^^^^^^^^^^^^^^^^^^^^^^^^^^^^^^^^^^^^^^^^^^^^^^^^^^^^^^^^^^^
RuntimeError: baseline software mismatch: torch: 2.11.0+cu130 != 2.11.0+cu128

[2026-10-04T10:13:17.745790+00:00] $ /usr/bin/python3 -u /content/Reversability/scripts/run_reversible_study.py matched --artifacts /content/drive/MyDrive/Reversability/baseline-recovery-7bldlite/artifacts
Preserved unused preflight records at /content/drive/MyDrive/Reversability/baseline-recovery-7bldlite/artifacts/reversible-v1/preflight-history/3d7d46c7aae245bda8e8552de3d09318; no training artifacts changed

[2026-10-04T10:13:26.742334+00:00] $ /usr/bin/python3 /content/Reversability/scripts/validate_reversible.py --device cuda --output /content/drive/MyDrive/Reversability/baseline-recovery-7bldlite/artifacts/reversible-v1/correctness/cuda.json

{"policy": "reconstruction-gradient-v2", "tolerances": {"fp64": {"atol": 1e-09, "rtol": 1e-08}, "fp32": {"atol": 3e-05, "rtol": 0.0003}, "fp16": {"atol": 0.005, "rtol": 0.05}}, "optimizer_tolerances": {"fp64": {"atol": 1e-09, "rtol": 1e-08}, "fp32": {"atol": 5e-05, "rtol": 0.0003}, "fp16": {"atol": 0.0012, "rtol": 0.0}}, "optimizer_relative_l2_limits": {"fp64": 1e-07, "fp32": 0.01, "fp16": 0.05}, "device": "cuda", "torch": "2.11.0+cu128", "python": "3.13.15", "gpu": "Tesla T4", "source_sha256": {"/content/Reversability/scripts/validate_reversible.py": "537a8c9aebd998e60f9a40b9f4e71ab3098bdc710487251cb2c673a35b20e790", "src/reversibility/reversible.py": "d7ee2b82a1e132a17639032b278c5e60a06bfe6cdc6cb0ddad9c72d4d650057b", "src/reversibility/model.py": "f538225a3df9e2d5805fe11a277ff3377b16e14e9406a5fc4b22fe84d1258b26"}, "passed": true, "command": ["/content/Reversability/scripts/validate_reversible.py", "--device", "cuda", "--output", "/content/drive/MyDrive/Reversability/baseline-recovery-7bldlite/artifacts/reversible-v1/correctness/cuda.json"]}

[2026-10-04T10:13:44.232721+00:00] $ /usr/bin/python3 -u /content/Reversability/scripts/train_baseline.py --config /content/drive/MyDrive/Reversability/baseline-recovery-7bldlite/artifacts/reversible-v1/configs/midpoint_smoke.json --device cuda --max-targets 65536

{"timestamp_utc": "2026-10-04T10:13:47.712495+00:00", "event": "startup", "experiment_name": "midpoint_20m_fineweb_edu_50m_v1_matched_smoke", "parameters": 20340736, "method": "midpoint", "backward_mode": "reconstruct", "step_size": 0.5, "architecture": {"vocab_size": 50257, "max_sequence_length": 512, "n_layers": 7, "n_heads": 8, "d_model": 256, "d_ff": 1024, "dropout": 0.0, "bias": false}, "device": "cuda", "precision": "fp16", "physical_batch_size_sequences_per_device_microstep": 29, "gradient_accumulation_steps": 2, "data_parallel_world_size": 1, "effective_batch_size_sequences_per_optimizer_update": 58, "regular_valid_targets_per_microstep": 14848, "regular_valid_targets_per_optimizer_update": 29696, "target_budget": 65536, "run_stop_target": 65536, "config_sha256": "62698b34e28abc8d719291457766730c644e9e5553170fd20c28a48494ae64bb", "manifest_sha256": "71a12f5765cf37b7f5fb8753d51fa0828915a6db313ae20aef7fa9fb2e14df8a", "command": "/content/Reversability/scripts/train_baseline.py --config /content/drive/MyDrive/Reversability/baseline-recovery-7bldlite/artifacts/reversible-v1/configs/midpoint_smoke.json --device cuda --max-targets 65536", "environment": {"python": "3.13.15 (main, Aug  6 2026, 11:06:22) [GCC 13.3.0]", "platform": "Linux-6.6.122+-x86_64-with-glibc2.39", "torch": "2.11.0+cu128", "numpy": "2.1.3", "cuda_runtime": "12.8", "accelerator": {"name": "Tesla T4", "total_memory_bytes": 15637086208, "compute_capability": [7, 5], "device_count": 1}}, "resumed_from_targets": 0}
{"timestamp_utc": "2026-10-04T10:13:56.681703+00:00", "event": "validation", "step": 2, "committed_targets": 59392, "validation_targets": 1000000, "validation_loss": 10.76527928125, "best_validation_loss": 10.76527928125, "best_validation_step": 2}
{"timestamp_utc": "2026-10-04T10:13:57.429127+00:00", "event": "checkpoint", "step": 2, "committed_targets": 59392, "path": "/content/drive/MyDrive/Reversability/baseline-recovery-7bldlite/artifacts/reversible-v1/runs/midpoint_20m_fineweb_edu_50m_v1_matched_smoke/latest.pt"}
{"timestamp_utc": "2026-10-04T10:13:58.785945+00:00", "event": "best_checkpoint", "step": 2, "committed_targets": 59392, "validation_loss": 10.76527928125, "path": "/content/drive/MyDrive/Reversability/baseline-recovery-7bldlite/artifacts/reversible-v1/runs/midpoint_20m_fineweb_edu_50m_v1_matched_smoke/best.pt"}
{"timestamp_utc": "2026-10-04T10:13:58.987248+00:00", "event": "training_progress", "step": 3, "committed_targets": 65536, "valid_targets_this_update": 6144, "training_loss_this_update": 10.760444641113281, "lr": 3.932159999999999e-05, "end_to_end_targets_per_second_this_process": 5811.0863671978905}
{"timestamp_utc": "2026-10-04T10:14:06.352666+00:00", "event": "validation", "step": 3, "committed_targets": 65536, "validation_targets": 1000000, "validation_loss": 10.69204800390625, "best_validation_loss": 10.69204800390625, "best_validation_step": 3}
{"timestamp_utc": "2026-10-04T10:14:07.233728+00:00", "event": "checkpoint", "step": 3, "committed_targets": 65536, "path": "/content/drive/MyDrive/Reversability/baseline-recovery-7bldlite/artifacts/reversible-v1/runs/midpoint_20m_fineweb_edu_50m_v1_matched_smoke/latest.pt"}
{"timestamp_utc": "2026-10-04T10:14:09.468172+00:00", "event": "best_checkpoint", "step": 3, "committed_targets": 65536, "validation_loss": 10.69204800390625, "path": "/content/drive/MyDrive/Reversability/baseline-recovery-7bldlite/artifacts/reversible-v1/runs/midpoint_20m_fineweb_edu_50m_v1_matched_smoke/best.pt"}
{"timestamp_utc": "2026-10-04T10:14:10.236030+00:00", "event": "run_summary", "experiment_name": "midpoint_20m_fineweb_edu_50m_v1_matched_smoke", "completed_full_target_budget": true, "committed_targets": 65536, "target_budget": 65536, "optimizer_steps": 3, "final_validation_loss": 10.69204800390625, "best_validation_loss": 10.69204800390625, "best_validation_step": 3, "elapsed_seconds_this_process": 21.764736532000143, "end_to_end_targets_per_second_this_process": 3011.109273188034, "peak_cuda_allocated_bytes": 9380185600, "peak_cuda_reserved_bytes": 12364808192, "checkpoint": "/content/drive/MyDrive/Reversability/baseline-recovery-7bldlite/artifacts/reversible-v1/runs/midpoint_20m_fineweb_edu_50m_v1_matched_smoke/latest.pt", "best_checkpoint": "/content/drive/MyDrive/Reversability/baseline-recovery-7bldlite/artifacts/reversible-v1/runs/midpoint_20m_fineweb_edu_50m_v1_matched_smoke/best.pt"}

[2026-10-04T10:14:11.494000+00:00] $ /usr/bin/python3 -u /content/Reversability/scripts/train_baseline.py --config /content/drive/MyDrive/Reversability/baseline-recovery-7bldlite/artifacts/reversible-v1/configs/midpoint_matched.json --device cuda

{"timestamp_utc": "2026-10-04T10:14:15.498247+00:00", "event": "startup", "experiment_name": "midpoint_20m_fineweb_edu_50m_v1_matched", "parameters": 20340736, "method": "midpoint", "backward_mode": "reconstruct", "step_size": 0.5, "architecture": {"vocab_size": 50257, "max_sequence_length": 512, "n_layers": 7, "n_heads": 8, "d_model": 256, "d_ff": 1024, "dropout": 0.0, "bias": false}, "device": "cuda", "precision": "fp16", "physical_batch_size_sequences_per_device_microstep": 29, "gradient_accumulation_steps": 2, "data_parallel_world_size": 1, "effective_batch_size_sequences_per_optimizer_update": 58, "regular_valid_targets_per_microstep": 14848, "regular_valid_targets_per_optimizer_update": 29696, "target_budget": 50000000, "run_stop_target": 50000000, "config_sha256": "5941a4ea5768a74251162ef3527784d7fa1b8d7cbdaba45a5c6876849dbb9395", "manifest_sha256": "71a12f5765cf37b7f5fb8753d51fa0828915a6db313ae20aef7fa9fb2e14df8a", "command": "/content/Reversability/scripts/train_baseline.py --config /content/drive/MyDrive/Reversability/baseline-recovery-7bldlite/artifacts/reversible-v1/configs/midpoint_matched.json --device cuda", "environment": {"python": "3.13.15 (main, Aug  6 2026, 11:06:22) [GCC 13.3.0]", "platform": "Linux-6.6.122+-x86_64-with-glibc2.39", "torch": "2.11.0+cu128", "numpy": "2.1.3", "cuda_runtime": "12.8", "accelerator": {"name": "Tesla T4", "total_memory_bytes": 15637086208, "compute_capability": [7, 5], "device_count": 1}}, "resumed_from_targets": 0}
{"timestamp_utc": "2026-10-04T10:14:22.619510+00:00", "event": "training_progress", "step": 10, "committed_targets": 296960, "valid_targets_this_update": 29696, "training_loss_this_update": 10.326374448578933, "lr": 0.000178176, "end_to_end_targets_per_second_this_process": 41689.42117722961}
{"timestamp_utc": "2026-10-04T10:14:31.799217+00:00", "event": "training_progress", "step": 20, "committed_targets": 593920, "valid_targets_this_update": 29696, "training_loss_this_update": 9.631444470635776, "lr": 0.000356352, "end_to_end_targets_per_second_this_process": 36430.42364984979}
{"timestamp_utc": "2026-10-04T10:14:38.526798+00:00", "event": "training_progress", "step": 30, "committed_targets": 890880, "valid_targets_this_update": 29696, "training_loss_this_update": 8.645552536536908, "lr": 0.0005345279999999999, "end_to_end_targets_per_second_this_process": 38682.71745249825}
{"timestamp_utc": "2026-10-04T10:14:45.330263+00:00", "event": "training_progress", "step": 40, "committed_targets": 1187840, "valid_targets_this_update": 29696, "training_loss_this_update": 7.957816025306439, "lr": 0.0005992483636185678, "end_to_end_targets_per_second_this_process": 39815.10578958226}
{"timestamp_utc": "2026-10-04T10:14:54.903830+00:00", "event": "training_progress", "step": 50, "committed_targets": 1484800, "valid_targets_this_update": 29696, "training_loss_this_update": 7.628704202586207, "lr": 0.000598825874801696, "end_to_end_targets_per_second_this_process": 37678.13409772647}
{"timestamp_utc": "2026-10-04T10:15:01.862227+00:00", "event": "training_progress", "step": 60, "committed_targets": 1781760, "valid_targets_this_update": 29696, "training_loss_this_update": 7.464520947686557, "lr": 0.0005983097992891052, "end_to_end_targets_per_second_this_process": 38428.26617455066}
{"timestamp_utc": "2026-10-04T10:15:08.935390+00:00", "event": "training_progress", "step": 70, "committed_targets": 2078720, "valid_targets_this_update": 29696, "training_loss_this_update": 7.431455941035829, "lr": 0.0005977003167428232, "end_to_end_targets_per_second_this_process": 38898.91170441034}
{"timestamp_utc": "2026-10-04T10:15:16.100758+00:00", "event": "training_progress", "step": 80, "committed_targets": 2375680, "valid_targets_this_update": 29696, "training_loss_this_update": 7.132435765759698, "lr": 0.0005969976393427891, "end_to_end_targets_per_second_this_process": 39199.793413313375}
{"timestamp_utc": "2026-10-04T10:15:23.330301+00:00", "event": "training_progress", "step": 90, "committed_targets": 2672640, "valid_targets_this_update": 29696, "training_loss_this_update": 7.100686698124327, "lr": 0.0005962020117129851, "end_to_end_targets_per_second_this_process": 39399.74363322841}
{"timestamp_utc": "2026-10-04T10:15:30.625958+00:00", "event": "training_progress", "step": 100, "committed_targets": 2969600, "valid_targets_this_update": 29696, "training_loss_this_update": 7.161702386264143, "lr": 0.0005953137108362756, "end_to_end_targets_per_second_this_process": 39526.36491415222}
{"timestamp_utc": "2026-10-04T10:15:31.351436+00:00", "event": "checkpoint", "step": 100, "committed_targets": 2969600, "path": "/content/drive/MyDrive/Reversability/baseline-recovery-7bldlite/artifacts/reversible-v1/runs/midpoint_20m_fineweb_edu_50m_v1_matched/latest.pt"}
{"timestamp_utc": "2026-10-04T10:15:38.688044+00:00", "event": "training_progress", "step": 110, "committed_targets": 3266560, "valid_targets_this_update": 29696, "training_loss_this_update": 6.993190370757004, "lr": 0.0005943330459579814, "end_to_end_targets_per_second_this_process": 39265.46186082426}
{"timestamp_utc": "2026-10-04T10:15:46.179819+00:00", "event": "training_progress", "step": 120, "committed_targets": 3563520, "valid_targets_this_update": 29696, "training_loss_this_update": 6.824492355872845, "lr": 0.0005932603584782214, "end_to_end_targets_per_second_this_process": 39296.25027318255}
{"timestamp_utc": "2026-10-04T10:15:53.816881+00:00", "event": "training_progress", "step": 130, "committed_targets": 3860480, "valid_targets_this_update": 29696, "training_loss_this_update": 7.000279656771956, "lr": 0.0005920960218330598, "end_to_end_targets_per_second_this_process": 39264.2339312317}
{"timestamp_utc": "2026-10-04T10:16:01.480626+00:00", "event": "training_progress", "step": 140, "committed_targets": 4157440, "valid_targets_this_update": 29696, "training_loss_this_update": 6.7653045654296875, "lr": 0.0005908404413645029, "end_to_end_targets_per_second_this_process": 39226.95391756272}
{"timestamp_utc": "2026-10-04T10:16:09.204738+00:00", "event": "training_progress", "step": 150, "committed_targets": 4454400, "valid_targets_this_update": 29696, "training_loss_this_update": 6.743020419416757, "lr": 0.0005894940541793856, "end_to_end_targets_per_second_this_process": 39173.89486162786}
{"timestamp_utc": "2026-10-04T10:16:17.022229+00:00", "event": "training_progress", "step": 160, "committed_targets": 4751360, "valid_targets_this_update": 29696, "training_loss_this_update": 6.736615674249057, "lr": 0.0005880573289972008, "end_to_end_targets_per_second_this_process": 39097.51828660008}
{"timestamp_utc": "2026-10-04T10:16:24.911812+00:00", "event": "training_progress", "step": 170, "committed_targets": 5048320, "valid_targets_this_update": 29696, "training_loss_this_update": 6.61193531957166, "lr": 0.0005865307659869246, "end_to_end_targets_per_second_this_process": 39008.633013157916}
{"timestamp_utc": "2026-10-04T10:16:32.700198+00:00", "event": "training_progress", "step": 180, "committed_targets": 5345280, "valid_targets_this_update": 29696, "training_loss_this_update": 6.610663578428071, "lr": 0.0005849148965928906, "end_to_end_targets_per_second_this_process": 38958.67630595529}
{"timestamp_utc": "2026-10-04T10:16:40.429746+00:00", "event": "training_progress", "step": 190, "committed_targets": 5642240, "valid_targets_this_update": 29696, "training_loss_this_update": 6.542949808054957, "lr": 0.0005832102833497782, "end_to_end_targets_per_second_this_process": 38929.88439049986}
{"timestamp_utc": "2026-10-04T10:16:48.261598+00:00", "event": "training_progress", "step": 200, "committed_targets": 5939200, "valid_targets_this_update": 29696, "training_loss_this_update": 6.547288828882678, "lr": 0.0005814175196867768, "end_to_end_targets_per_second_this_process": 38877.953957533085}
{"timestamp_utc": "2026-10-04T10:16:49.145534+00:00", "event": "checkpoint", "step": 200, "committed_targets": 5939200, "path": "/content/drive/MyDrive/Reversability/baseline-recovery-7bldlite/artifacts/reversible-v1/runs/midpoint_20m_fineweb_edu_50m_v1_matched/latest.pt"}
{"timestamp_utc": "2026-10-04T10:16:56.877956+00:00", "event": "training_progress", "step": 210, "committed_targets": 6236160, "valid_targets_this_update": 29696, "training_loss_this_update": 7.0999995264513736, "lr": 0.0005795372297209936, "end_to_end_targets_per_second_this_process": 38642.32390525201}
{"timestamp_utc": "2026-10-04T10:17:04.576338+00:00", "event": "training_progress", "step": 220, "committed_targets": 6533120, "valid_targets_this_update": 29696, "training_loss_this_update": 6.310766022780846, "lr": 0.0005775700680401802, "end_to_end_targets_per_second_this_process": 38639.22901966114}
{"timestamp_utc": "2026-10-04T10:17:12.277447+00:00", "event": "training_progress", "step": 230, "committed_targets": 6830080, "valid_targets_this_update": 29696, "training_loss_this_update": 6.455759245773842, "lr": 0.0005755167194748493, "end_to_end_targets_per_second_this_process": 38635.80662890036}
{"timestamp_utc": "2026-10-04T10:17:19.969857+00:00", "event": "training_progress", "step": 240, "committed_targets": 7127040, "valid_targets_this_update": 29696, "training_loss_this_update": 6.517252954943427, "lr": 0.0005733778988598637, "end_to_end_targets_per_second_this_process": 38634.49269349511}
{"timestamp_utc": "2026-10-04T10:17:27.660987+00:00", "event": "training_progress", "step": 250, "committed_targets": 7424000, "valid_targets_this_update": 29696, "training_loss_this_update": 6.363491716056035, "lr": 0.0005711543507855805, "end_to_end_targets_per_second_this_process": 38633.540375099496}
{"timestamp_utc": "2026-10-04T10:17:35.351429+00:00", "event": "training_progress", "step": 260, "committed_targets": 7720960, "valid_targets_this_update": 29696, "training_loss_this_update": 6.399138878131735, "lr": 0.0005688468493386356, "end_to_end_targets_per_second_this_process": 38632.795592977054}
{"timestamp_utc": "2026-10-04T10:17:43.343326+00:00", "event": "training_progress", "step": 270, "committed_targets": 8017920, "valid_targets_this_update": 29696, "training_loss_this_update": 6.482430030559671, "lr": 0.0005664561978324597, "end_to_end_targets_per_second_this_process": 38576.07374110387}
{"timestamp_utc": "2026-10-04T10:17:51.051458+00:00", "event": "training_progress", "step": 280, "committed_targets": 8314880, "valid_targets_this_update": 29696, "training_loss_this_update": 6.375556156553071, "lr": 0.0005639832285276203, "end_to_end_targets_per_second_this_process": 38574.266948214994}
{"timestamp_utc": "2026-10-04T10:17:58.740694+00:00", "event": "training_progress", "step": 290, "committed_targets": 8611840, "valid_targets_this_update": 29696, "training_loss_this_update": 6.457537947029903, "lr": 0.0005614288023420852, "end_to_end_targets_per_second_this_process": 38575.849980720974}
{"timestamp_utc": "2026-10-04T10:18:06.441021+00:00", "event": "training_progress", "step": 300, "committed_targets": 8908800, "valid_targets_this_update": 29696, "training_loss_this_update": 6.32024804477034, "lr": 0.0005587938085515105, "end_to_end_targets_per_second_this_process": 38575.47435028013}
{"timestamp_utc": "2026-10-04T10:18:07.183490+00:00", "event": "checkpoint", "step": 300, "committed_targets": 8908800, "path": "/content/drive/MyDrive/Reversability/baseline-recovery-7bldlite/artifacts/reversible-v1/runs/midpoint_20m_fineweb_edu_50m_v1_matched/latest.pt"}
{"timestamp_utc": "2026-10-04T10:18:14.902759+00:00", "event": "training_progress", "step": 310, "committed_targets": 9205760, "valid_targets_this_update": 29696, "training_loss_this_update": 6.324205069706358, "lr": 0.0005560791644796555, "end_to_end_targets_per_second_this_process": 38452.43916585156}
{"timestamp_utc": "2026-10-04T10:18:22.601996+00:00", "event": "training_progress", "step": 320, "committed_targets": 9502720, "valid_targets_this_update": 29696, "training_loss_this_update": 6.292945861816406, "lr": 0.000553285815179034, "end_to_end_targets_per_second_this_process": 38456.10340221004}
{"timestamp_utc": "2026-10-04T10:18:30.287689+00:00", "event": "training_progress", "step": 330, "committed_targets": 9799680, "valid_targets_this_update": 29696, "training_loss_this_update": 6.296775554788524, "lr": 0.0005504147331019117, "end_to_end_targets_per_second_this_process": 38461.591757791655}
{"timestamp_utc": "2026-10-04T10:18:38.396115+00:00", "event": "training_progress", "step": 340, "committed_targets": 10096640, "valid_targets_this_update": 29696, "training_loss_this_update": 6.2549372705919986, "lr": 0.0005474669177617652, "end_to_end_targets_per_second_this_process": 38404.90411778552}
{"timestamp_utc": "2026-10-04T10:18:46.086948+00:00", "event": "training_progress", "step": 350, "committed_targets": 10393600, "valid_targets_this_update": 29696, "training_loss_this_update": 6.3727306497508085, "lr": 0.0005444433953853202, "end_to_end_targets_per_second_this_process": 38410.79618246437}
{"timestamp_utc": "2026-10-04T10:18:53.776453+00:00", "event": "training_progress", "step": 360, "committed_targets": 10690560, "valid_targets_this_update": 29696, "training_loss_this_update": 6.317955806337554, "lr": 0.0005413452185552899, "end_to_end_targets_per_second_this_process": 38416.54596039431}
{"timestamp_utc": "2026-10-04T10:19:01.466045+00:00", "event": "training_progress", "step": 370, "committed_targets": 10987520, "valid_targets_this_update": 29696, "training_loss_this_update": 6.454458039382408, "lr": 0.0005381734658439376, "end_to_end_targets_per_second_this_process": 38421.97419925005}
{"timestamp_utc": "2026-10-04T10:19:09.155175+00:00", "event": "training_progress", "step": 380, "committed_targets": 11284480, "valid_targets_this_update": 29696, "training_loss_this_update": 6.176604961526805, "lr": 0.0005349292414375928, "end_to_end_targets_per_second_this_process": 38427.179284384896}
{"timestamp_utc": "2026-10-04T10:19:16.848577+00:00", "event": "training_progress", "step": 390, "committed_targets": 11581440, "valid_targets_this_update": 29696, "training_loss_this_update": 6.102434881802263, "lr": 0.0005316136747522482, "end_to_end_targets_per_second_this_process": 38431.573514651114}
{"timestamp_utc": "2026-10-04T10:19:24.542064+00:00", "event": "training_progress", "step": 400, "committed_targets": 11878400, "valid_targets_this_update": 29696, "training_loss_this_update": 6.171521417025862, "lr": 0.0005282279200403763, "end_to_end_targets_per_second_this_process": 38435.73870627609}
{"timestamp_utc": "2026-10-04T10:19:25.885773+00:00", "event": "checkpoint", "step": 400, "committed_targets": 11878400, "path": "/content/drive/MyDrive/Reversability/baseline-recovery-7bldlite/artifacts/reversible-v1/runs/midpoint_20m_fineweb_edu_50m_v1_matched/latest.pt"}
{"timestamp_utc": "2026-10-04T10:19:33.559625+00:00", "event": "training_progress", "step": 410, "committed_targets": 12175360, "valid_targets_this_update": 29696, "training_loss_this_update": 6.204660086796202, "lr": 0.0005247731559890961, "end_to_end_targets_per_second_this_process": 38279.67966911227}
{"timestamp_utc": "2026-10-04T10:19:41.245247+00:00", "event": "training_progress", "step": 420, "committed_targets": 12472320, "valid_targets_this_update": 29696, "training_loss_this_update": 6.2232950144800645, "lr": 0.0005212505853098367, "end_to_end_targets_per_second_this_process": 38288.142885117944}
{"timestamp_utc": "2026-10-04T10:19:48.939529+00:00", "event": "training_progress", "step": 430, "committed_targets": 12769280, "valid_targets_this_update": 29696, "training_loss_this_update": 6.122272359913793, "lr": 0.0005176614343196356, "end_to_end_targets_per_second_this_process": 38295.221368604965}
{"timestamp_utc": "2026-10-04T10:19:56.622658+00:00", "event": "training_progress", "step": 440, "committed_targets": 13066240, "valid_targets_this_update": 29696, "training_loss_this_update": 6.365122827990302, "lr": 0.0005140069525142184, "end_to_end_targets_per_second_this_process": 38303.23289908008}
{"timestamp_utc": "2026-10-04T10:20:04.310503+00:00", "event": "training_progress", "step": 450, "committed_targets": 13363200, "valid_targets_this_update": 29696, "training_loss_this_update": 6.199659150222252, "lr": 0.0005102884121330118, "end_to_end_targets_per_second_this_process": 38310.37319873274}
{"timestamp_utc": "2026-10-04T10:20:15.165360+00:00", "event": "training_progress", "step": 460, "committed_targets": 13660160, "valid_targets_this_update": 29696, "training_loss_this_update": 6.238751904717807, "lr": 0.0005065071077162358, "end_to_end_targets_per_second_this_process": 37979.80901568891}
{"timestamp_utc": "2026-10-04T10:20:22.868932+00:00", "event": "training_progress", "step": 470, "committed_targets": 13957120, "valid_targets_this_update": 29696, "training_loss_this_update": 6.062237443595097, "lr": 0.0005026643556542348, "end_to_end_targets_per_second_this_process": 37991.7308607565}
{"timestamp_utc": "2026-10-04T10:20:30.570395+00:00", "event": "training_progress", "step": 480, "committed_targets": 14254080, "valid_targets_this_update": 29696, "training_loss_this_update": 6.099382597824623, "lr": 0.0004987614937292003, "end_to_end_targets_per_second_this_process": 38003.37687726614}
{"timestamp_utc": "2026-10-04T10:20:38.285544+00:00", "event": "training_progress", "step": 490, "committed_targets": 14551040, "valid_targets_this_update": 29696, "training_loss_this_update": 5.772568801353717, "lr": 0.0004947998806494475, "end_to_end_targets_per_second_this_process": 38013.19497048205}
{"timestamp_utc": "2026-10-04T10:20:46.013319+00:00", "event": "training_progress", "step": 500, "committed_targets": 14848000, "valid_targets_this_update": 29696, "training_loss_this_update": 6.239217034701643, "lr": 0.0004907808955764062, "end_to_end_targets_per_second_this_process": 38021.396061238134}
{"timestamp_utc": "2026-10-04T10:20:54.404236+00:00", "event": "validation", "step": 500, "committed_targets": 14848000, "validation_targets": 1000000, "validation_loss": 6.12509580859375, "best_validation_loss": 6.12509580859375, "best_validation_step": 500}
{"timestamp_utc": "2026-10-04T10:20:55.173135+00:00", "event": "checkpoint", "step": 500, "committed_targets": 14848000, "path": "/content/drive/MyDrive/Reversability/baseline-recovery-7bldlite/artifacts/reversible-v1/runs/midpoint_20m_fineweb_edu_50m_v1_matched/latest.pt"}
{"timestamp_utc": "2026-10-04T10:20:56.506105+00:00", "event": "best_checkpoint", "step": 500, "committed_targets": 14848000, "validation_loss": 6.12509580859375, "path": "/content/drive/MyDrive/Reversability/baseline-recovery-7bldlite/artifacts/reversible-v1/runs/midpoint_20m_fineweb_edu_50m_v1_matched/best.pt"}
{"timestamp_utc": "2026-10-04T10:21:04.251884+00:00", "event": "training_progress", "step": 510, "committed_targets": 15144960, "valid_targets_this_update": 29696, "training_loss_this_update": 5.821548988079202, "lr": 0.0004867059376444914, "end_to_end_targets_per_second_this_process": 37051.38901037021}
{"timestamp_utc": "2026-10-04T10:21:16.248509+00:00", "event": "training_progress", "step": 520, "committed_targets": 15441920, "valid_targets_this_update": 29696, "training_loss_this_update": 5.892992216965248, "lr": 0.0004825764254740215, "end_to_end_targets_per_second_this_process": 36700.751129522825}
{"timestamp_utc": "2026-10-04T10:21:23.937794+00:00", "event": "training_progress", "step": 530, "committed_targets": 15738880, "valid_targets_this_update": 29696, "training_loss_this_update": 5.987186826508621, "lr": 0.0004783937966773514, "end_to_end_targets_per_second_this_process": 36735.195794010564}
{"timestamp_utc": "2026-10-04T10:21:31.641616+00:00", "event": "training_progress", "step": 540, "committed_targets": 16035840, "valid_targets_this_update": 29696, "training_loss_this_update": 6.05243025154903, "lr": 0.0004741595073583952, "end_to_end_targets_per_second_this_process": 36767.20024578342}
{"timestamp_utc": "2026-10-04T10:21:39.360655+00:00", "event": "training_progress", "step": 550, "committed_targets": 16332800, "valid_targets_this_update": 29696, "training_loss_this_update": 5.822126717403017, "lr": 0.00046987503160571075, "end_to_end_targets_per_second_this_process": 36796.83198972317}
{"timestamp_utc": "2026-10-04T10:21:47.113202+00:00", "event": "training_progress", "step": 560, "committed_targets": 16629760, "valid_targets_this_update": 29696, "training_loss_this_update": 5.865423005202721, "lr": 0.000465541860979323, "end_to_end_targets_per_second_this_process": 36822.71862266378}
{"timestamp_utc": "2026-10-04T10:21:54.822036+00:00", "event": "training_progress", "step": 570, "committed_targets": 16926720, "valid_targets_this_update": 29696, "training_loss_this_update": 6.025338534651132, "lr": 0.00046116150399146605, "end_to_end_targets_per_second_this_process": 36851.238426753465}
{"timestamp_utc": "2026-10-04T10:22:02.529701+00:00", "event": "training_progress", "step": 580, "committed_targets": 17223680, "valid_targets_this_update": 29696, "training_loss_this_update": 5.988132345265355, "lr": 0.000456735485581422, "end_to_end_targets_per_second_this_process": 36878.90870644202}
{"timestamp_utc": "2026-10-04T10:22:10.217977+00:00", "event": "training_progress", "step": 590, "committed_targets": 17520640, "valid_targets_this_update": 29696, "training_loss_this_update": 5.986561742322198, "lr": 0.0004522653465846424, "end_to_end_targets_per_second_this_process": 36907.18793466022}
{"timestamp_utc": "2026-10-04T10:22:17.902131+00:00", "event": "training_progress", "step": 600, "committed_targets": 17817600, "valid_targets_this_update": 29696, "training_loss_this_update": 5.85339329160493, "lr": 0.0004477526431963352, "end_to_end_targets_per_second_this_process": 36934.88137430919}
{"timestamp_utc": "2026-10-04T10:22:18.684138+00:00", "event": "checkpoint", "step": 600, "committed_targets": 17817600, "path": "/content/drive/MyDrive/Reversability/baseline-recovery-7bldlite/artifacts/reversible-v1/runs/midpoint_20m_fineweb_edu_50m_v1_matched/latest.pt"}
{"timestamp_utc": "2026-10-04T10:22:26.390462+00:00", "event": "training_progress", "step": 610, "committed_targets": 18114560, "valid_targets_this_update": 29696, "training_loss_this_update": 5.817438586004849, "lr": 0.00044319894642970415, "end_to_end_targets_per_second_this_process": 36901.15606147933}
{"timestamp_utc": "2026-10-04T10:22:34.084343+00:00", "event": "training_progress", "step": 620, "committed_targets": 18411520, "valid_targets_this_update": 29696, "training_loss_this_update": 5.79998726680361, "lr": 0.00043860584156903056, "end_to_end_targets_per_second_this_process": 36927.32393790192}
{"timestamp_utc": "2026-10-04T10:22:46.111612+00:00", "event": "training_progress", "step": 630, "committed_targets": 18708480, "valid_targets_this_update": 29696, "training_loss_this_update": 6.302447878081223, "lr": 0.00043397492761778586, "end_to_end_targets_per_second_this_process": 36639.093380571874}
{"timestamp_utc": "2026-10-04T10:22:53.811276+00:00", "event": "training_progress", "step": 640, "committed_targets": 19005440, "valid_targets_this_update": 29696, "training_loss_this_update": 5.696610549400592, "lr": 0.0004293078167419683, "end_to_end_targets_per_second_this_process": 36667.7464360376}
{"timestamp_utc": "2026-10-04T10:23:01.498093+00:00", "event": "training_progress", "step": 650, "committed_targets": 19302400, "valid_targets_this_update": 29696, "training_loss_this_update": 5.621269226074219, "lr": 0.00042460613370885823, "end_to_end_targets_per_second_this_process": 36696.4568857149}
{"timestamp_utc": "2026-10-04T10:23:09.245411+00:00", "event": "training_progress", "step": 660, "committed_targets": 19599360, "valid_targets_this_update": 29696, "training_loss_this_update": 5.758375759782462, "lr": 0.0004198715153213848, "end_to_end_targets_per_second_this_process": 36720.177461413376}
{"timestamp_utc": "2026-10-04T10:23:17.012285+00:00", "event": "training_progress", "step": 670, "committed_targets": 19896320, "valid_targets_this_update": 29696, "training_loss_this_update": 5.849890347184806, "lr": 0.0004151056098483048, "end_to_end_targets_per_second_this_process": 36741.89258891591}
{"timestamp_utc": "2026-10-04T10:23:24.741509+00:00", "event": "training_progress", "step": 680, "committed_targets": 20193280, "valid_targets_this_update": 29696, "training_loss_this_update": 5.868748368888066, "lr": 0.00041031007645038773, "end_to_end_targets_per_second_this_process": 36765.51346518723}
{"timestamp_utc": "2026-10-04T10:23:32.441877+00:00", "event": "training_progress", "step": 690, "committed_targets": 20490240, "valid_targets_this_update": 29696, "training_loss_this_update": 5.812879628148572, "lr": 0.00040548658460281065, "end_to_end_targets_per_second_this_process": 36790.384979108974}
{"timestamp_utc": "2026-10-04T10:23:40.130796+00:00", "event": "training_progress", "step": 700, "committed_targets": 20787200, "valid_targets_this_update": 29696, "training_loss_this_update": 5.974483095366379, "lr": 0.00040063681351396133, "end_to_end_targets_per_second_this_process": 36815.32433501357}
{"timestamp_utc": "2026-10-04T10:23:40.874762+00:00", "event": "checkpoint", "step": 700, "committed_targets": 20787200, "path": "/content/drive/MyDrive/Reversability/baseline-recovery-7bldlite/artifacts/reversible-v1/runs/midpoint_20m_fineweb_edu_50m_v1_matched/latest.pt"}
{"timestamp_utc": "2026-10-04T10:23:48.590333+00:00", "event": "training_progress", "step": 710, "committed_targets": 21084160, "valid_targets_this_update": 29696, "training_loss_this_update": 5.6147700342638736, "lr": 0.0003957624515408537, "end_to_end_targets_per_second_this_process": 36790.0570468258}
{"timestamp_utc": "2026-10-04T10:23:56.286568+00:00", "event": "training_progress", "step": 720, "committed_targets": 21381120, "valid_targets_this_update": 29696, "training_loss_this_update": 6.008530978498788, "lr": 0.00039086519560135744, "end_to_end_targets_per_second_this_process": 36813.843705399624}
{"timestamp_utc": "2026-10-04T10:24:04.538645+00:00", "event": "training_progress", "step": 730, "committed_targets": 21678080, "valid_targets_this_update": 29696, "training_loss_this_update": 5.72033638789736, "lr": 0.000385946750583448, "end_to_end_targets_per_second_this_process": 36802.24750651886}
{"timestamp_utc": "2026-10-04T10:24:12.229623+00:00", "event": "training_progress", "step": 740, "committed_targets": 21975040, "valid_targets_this_update": 29696, "training_loss_this_update": 5.690265523976293, "lr": 0.0003810088287516821, "end_to_end_targets_per_second_this_process": 36825.56563466451}
{"timestamp_utc": "2026-10-04T10:24:19.914889+00:00", "event": "training_progress", "step": 750, "committed_targets": 22272000, "valid_targets_this_update": 29696, "training_loss_this_update": 5.662649746598868, "lr": 0.0003760531491511043, "end_to_end_targets_per_second_this_process": 36848.63855417701}
{"timestamp_utc": "2026-10-04T10:24:27.604853+00:00", "event": "training_progress", "step": 760, "committed_targets": 22568960, "valid_targets_this_update": 29696, "training_loss_this_update": 5.555272332553206, "lr": 0.00037108143700879405, "end_to_end_targets_per_second_this_process": 36870.84921484382}
{"timestamp_utc": "2026-10-04T10:24:35.312916+00:00", "event": "training_progress", "step": 770, "committed_targets": 22865920, "valid_targets_this_update": 29696, "training_loss_this_update": 5.6179172910493, "lr": 0.00036609542313326, "end_to_end_targets_per_second_this_process": 36891.43133986632}
{"timestamp_utc": "2026-10-04T10:24:42.998484+00:00", "event": "training_progress", "step": 780, "committed_targets": 23162880, "valid_targets_this_update": 29696, "training_loss_this_update": 5.531335501835264, "lr": 0.0003610968433118917, "end_to_end_targets_per_second_this_process": 36912.8311355687}
{"timestamp_utc": "2026-10-04T10:24:50.697037+00:00", "event": "training_progress", "step": 790, "committed_targets": 23459840, "valid_targets_this_update": 29696, "training_loss_this_update": 5.6516139589507, "lr": 0.0003560874377066772, "end_to_end_targets_per_second_this_process": 36932.957951854114}
{"timestamp_utc": "2026-10-04T10:24:58.396239+00:00", "event": "training_progress", "step": 800, "committed_targets": 23756800, "valid_targets_this_update": 29696, "training_loss_this_update": 5.9835533931337554, "lr": 0.00035106895024839864, "end_to_end_targets_per_second_this_process": 36952.56552007426}
{"timestamp_utc": "2026-10-04T10:24:59.213596+00:00", "event": "checkpoint", "step": 800, "committed_targets": 23756800, "path": "/content/drive/MyDrive/Reversability/baseline-recovery-7bldlite/artifacts/reversible-v1/runs/midpoint_20m_fineweb_edu_50m_v1_matched/latest.pt"}
{"timestamp_utc": "2026-10-04T10:25:06.934337+00:00", "event": "training_progress", "step": 810, "committed_targets": 24053760, "valid_targets_this_update": 29696, "training_loss_this_update": 5.5253319575868804, "lr": 0.00034604312802951546, "end_to_end_targets_per_second_this_process": 36924.098404383665}
{"timestamp_utc": "2026-10-04T10:25:14.621967+00:00", "event": "training_progress", "step": 820, "committed_targets": 24350720, "valid_targets_this_update": 29696, "training_loss_this_update": 5.799156978212554, "lr": 0.0003410117206959464, "end_to_end_targets_per_second_this_process": 36943.97502114106}
{"timestamp_utc": "2026-10-04T10:25:24.775201+00:00", "event": "training_progress", "step": 830, "committed_targets": 24647680, "valid_targets_this_update": 29696, "training_loss_this_update": 5.824474466258082, "lr": 0.00033597647983796356, "end_to_end_targets_per_second_this_process": 36827.22119561788}
{"timestamp_utc": "2026-10-04T10:25:32.465468+00:00", "event": "training_progress", "step": 840, "committed_targets": 24944640, "valid_targets_this_update": 29696, "training_loss_this_update": 5.68841184418777, "lr": 0.00033093915838040854, "end_to_end_targets_per_second_this_process": 36847.53049751371}
{"timestamp_utc": "2026-10-04T10:25:40.153691+00:00", "event": "training_progress", "step": 850, "committed_targets": 25241600, "valid_targets_this_update": 29696, "training_loss_this_update": 5.882235559923895, "lr": 0.0003259015099724452, "end_to_end_targets_per_second_this_process": 36867.493908180295}
{"timestamp_utc": "2026-10-04T10:25:47.842235+00:00", "event": "training_progress", "step": 860, "committed_targets": 25538560, "valid_targets_this_update": 29696, "training_loss_this_update": 5.8433206492456895, "lr": 0.00032086528837705855, "end_to_end_targets_per_second_this_process": 36886.99655513323}
{"timestamp_utc": "2026-10-04T10:25:55.538110+00:00", "event": "training_progress", "step": 870, "committed_targets": 25835520, "valid_targets_this_update": 29696, "training_loss_this_update": 5.919374137089171, "lr": 0.0003158322468605157, "end_to_end_targets_per_second_this_process": 36905.68438785388}
{"timestamp_utc": "2026-10-04T10:26:03.238344+00:00", "event": "training_progress", "step": 880, "committed_targets": 26132480, "valid_targets_this_update": 29696, "training_loss_this_update": 5.710108526821794, "lr": 0.00031080413758199894, "end_to_end_targets_per_second_this_process": 36923.73856621536}
{"timestamp_utc": "2026-10-04T10:26:10.933748+00:00", "event": "training_progress", "step": 890, "committed_targets": 26429440, "valid_targets_this_update": 29696, "training_loss_this_update": 5.878244860418912, "lr": 0.00030578271098362424, "end_to_end_targets_per_second_this_process": 36941.65325937678}
{"timestamp_utc": "2026-10-04T10:26:18.623508+00:00", "event": "training_progress", "step": 900, "committed_targets": 26726400, "valid_targets_this_update": 29696, "training_loss_this_update": 5.7084066456761855, "lr": 0.00030076971518105727, "end_to_end_targets_per_second_this_process": 36959.47525853912}
{"timestamp_utc": "2026-10-04T10:26:20.162156+00:00", "event": "checkpoint", "step": 900, "committed_targets": 26726400, "path": "/content/drive/MyDrive/Reversability/baseline-recovery-7bldlite/artifacts/reversible-v1/runs/midpoint_20m_fineweb_edu_50m_v1_matched/latest.pt"}
{"timestamp_utc": "2026-10-04T10:26:27.877184+00:00", "event": "training_progress", "step": 910, "committed_targets": 27023360, "valid_targets_this_update": 29696, "training_loss_this_update": 5.885390183021283, "lr": 0.00029576689535494035, "end_to_end_targets_per_second_this_process": 36897.962122022545}
{"timestamp_utc": "2026-10-04T10:26:35.569850+00:00", "event": "training_progress", "step": 920, "committed_targets": 27320320, "valid_targets_this_update": 29696, "training_loss_this_update": 5.890335609172952, "lr": 0.00029077599314334, "end_to_end_targets_per_second_this_process": 36915.68516685796}
{"timestamp_utc": "2026-10-04T10:26:45.904079+00:00", "event": "training_progress", "step": 930, "committed_targets": 27617280, "valid_targets_this_update": 29696, "training_loss_this_update": 5.681877662395609, "lr": 0.0002857987460354281, "end_to_end_targets_per_second_this_process": 36803.032881176994}
{"timestamp_utc": "2026-10-04T10:26:53.591795+00:00", "event": "training_progress", "step": 940, "committed_targets": 27914240, "valid_targets_this_update": 29696, "training_loss_this_update": 5.8643993509226835, "lr": 0.0002808368867666082, "end_to_end_targets_per_second_this_process": 36821.53805328284}
{"timestamp_utc": "2026-10-04T10:27:01.286944+00:00", "event": "training_progress", "step": 950, "committed_targets": 28211200, "valid_targets_this_update": 29696, "training_loss_this_update": 5.839957927835399, "lr": 0.00027589214271529555, "end_to_end_targets_per_second_this_process": 36839.31420299087}
{"timestamp_utc": "2026-10-04T10:27:09.010329+00:00", "event": "training_progress", "step": 960, "committed_targets": 28508160, "valid_targets_this_update": 29696, "training_loss_this_update": 5.6359405517578125, "lr": 0.00027096623530156256, "end_to_end_targets_per_second_this_process": 36855.391138322055}
{"timestamp_utc": "2026-10-04T10:27:16.750106+00:00", "event": "training_progress", "step": 970, "committed_targets": 28805120, "valid_targets_this_update": 29696, "training_loss_this_update": 5.529567850047145, "lr": 0.0002660608793878594, "end_to_end_targets_per_second_this_process": 36870.37665999449}
{"timestamp_utc": "2026-10-04T10:27:24.444738+00:00", "event": "training_progress", "step": 980, "committed_targets": 29102080, "valid_targets_this_update": 29696, "training_loss_this_update": 5.732894371295798, "lr": 0.000261177782682016, "end_to_end_targets_per_second_this_process": 36887.17890617535}
{"timestamp_utc": "2026-10-04T10:27:32.129530+00:00", "event": "training_progress", "step": 990, "committed_targets": 29399040, "valid_targets_this_update": 29696, "training_loss_this_update": 5.593179636988147, "lr": 0.0002563186451427359, "end_to_end_targets_per_second_this_process": 36904.112192218054}
{"timestamp_utc": "2026-10-04T10:27:39.813379+00:00", "event": "training_progress", "step": 1000, "committed_targets": 29696000, "valid_targets_this_update": 29696, "training_loss_this_update": 5.677515753384294, "lr": 0.00025148515838778696, "end_to_end_targets_per_second_this_process": 36920.765346398905}
{"timestamp_utc": "2026-10-04T10:27:48.169624+00:00", "event": "validation", "step": 1000, "committed_targets": 29696000, "validation_targets": 1000000, "validation_loss": 5.648822606445313, "best_validation_loss": 5.648822606445313, "best_validation_step": 1000}
{"timestamp_utc": "2026-10-04T10:27:48.933583+00:00", "event": "checkpoint", "step": 1000, "committed_targets": 29696000, "path": "/content/drive/MyDrive/Reversability/baseline-recovery-7bldlite/artifacts/reversible-v1/runs/midpoint_20m_fineweb_edu_50m_v1_matched/latest.pt"}
{"timestamp_utc": "2026-10-04T10:27:52.534637+00:00", "event": "best_checkpoint", "step": 1000, "committed_targets": 29696000, "validation_loss": 5.648822606445313, "path": "/content/drive/MyDrive/Reversability/baseline-recovery-7bldlite/artifacts/reversible-v1/runs/midpoint_20m_fineweb_edu_50m_v1_matched/best.pt"}
{"timestamp_utc": "2026-10-04T10:28:00.271794+00:00", "event": "training_progress", "step": 1010, "committed_targets": 29992960, "valid_targets_this_update": 29696, "training_loss_this_update": 5.713011379899649, "lr": 0.0002466790051050971, "end_to_end_targets_per_second_this_process": 36365.001590568194}
{"timestamp_utc": "2026-10-04T10:28:07.962266+00:00", "event": "training_progress", "step": 1020, "committed_targets": 30289920, "valid_targets_this_update": 29696, "training_loss_this_update": 5.7082493222993, "lr": 0.00024190185846695745, "end_to_end_targets_per_second_this_process": 36385.77846930967}
{"timestamp_utc": "2026-10-04T10:28:18.554224+00:00", "event": "training_progress", "step": 1030, "committed_targets": 30586880, "valid_targets_this_update": 29696, "training_loss_this_update": 5.6669895566743, "lr": 0.0002371553815475387, "end_to_end_targets_per_second_this_process": 36280.878475611185}
{"timestamp_utc": "2026-10-04T10:28:26.280205+00:00", "event": "training_progress", "step": 1040, "committed_targets": 30883840, "valid_targets_this_update": 29696, "training_loss_this_update": 5.68969805487271, "lr": 0.00023244122674392334, "end_to_end_targets_per_second_this_process": 36300.45415115289}
{"timestamp_utc": "2026-10-04T10:28:34.130148+00:00", "event": "training_progress", "step": 1050, "committed_targets": 31180800, "valid_targets_this_update": 29696, "training_loss_this_update": 5.675074610216864, "lr": 0.00022776103520085424, "end_to_end_targets_per_second_this_process": 36314.4339473215}
{"timestamp_utc": "2026-10-04T10:28:42.422892+00:00", "event": "training_progress", "step": 1060, "committed_targets": 31477760, "valid_targets_this_update": 29696, "training_loss_this_update": 5.550801244275323, "lr": 0.00022311643623940095, "end_to_end_targets_per_second_this_process": 36309.60499772032}
{"timestamp_utc": "2026-10-04T10:28:50.148950+00:00", "event": "training_progress", "step": 1070, "committed_targets": 31774720, "valid_targets_this_update": 29696, "training_loss_this_update": 5.943795565901132, "lr": 0.00021850904678974193, "end_to_end_targets_per_second_this_process": 36328.38949001231}
{"timestamp_utc": "2026-10-04T10:28:57.852848+00:00", "event": "training_progress", "step": 1080, "committed_targets": 32071680, "valid_targets_this_update": 29696, "training_loss_this_update": 5.677377371952452, "lr": 0.00021394047082826087, "end_to_end_targets_per_second_this_process": 36347.75780301541}
{"timestamp_utc": "2026-10-04T10:29:05.544012+00:00", "event": "training_progress", "step": 1090, "committed_targets": 32368640, "valid_targets_this_update": 29696, "training_loss_this_update": 5.53857369258486, "lr": 0.00020941229881915214, "end_to_end_targets_per_second_this_process": 36367.31121153174}
{"timestamp_utc": "2026-10-04T10:29:13.228836+00:00", "event": "training_progress", "step": 1100, "committed_targets": 32665600, "valid_targets_this_update": 29696, "training_loss_this_update": 5.487199454471983, "lr": 0.00020492610716073034, "end_to_end_targets_per_second_this_process": 36386.78650672386}
{"timestamp_utc": "2026-10-04T10:29:14.005494+00:00", "event": "checkpoint", "step": 1100, "committed_targets": 32665600, "path": "/content/drive/MyDrive/Reversability/baseline-recovery-7bldlite/artifacts/reversible-v1/runs/midpoint_20m_fineweb_edu_50m_v1_matched/latest.pt"}
{"timestamp_utc": "2026-10-04T10:29:21.704757+00:00", "event": "training_progress", "step": 1110, "committed_targets": 32962560, "valid_targets_this_update": 29696, "training_loss_this_update": 5.523014989392511, "lr": 0.00020048345763663686, "end_to_end_targets_per_second_this_process": 36374.14974939393}
{"timestamp_utc": "2026-10-04T10:29:29.400339+00:00", "event": "training_progress", "step": 1120, "committed_targets": 33259520, "valid_targets_this_update": 29696, "training_loss_this_update": 5.470323759933998, "lr": 0.00019608589687213448, "end_to_end_targets_per_second_this_process": 36392.79476075825}
{"timestamp_utc": "2026-10-04T10:29:41.322523+00:00", "event": "training_progress", "step": 1130, "committed_targets": 33556480, "valid_targets_this_update": 29696, "training_loss_this_update": 5.437825696221713, "lr": 0.00019173495579567814, "end_to_end_targets_per_second_this_process": 36244.90346773203}
{"timestamp_utc": "2026-10-04T10:29:49.013023+00:00", "event": "training_progress", "step": 1140, "committed_targets": 33853440, "valid_targets_this_update": 29696, "training_loss_this_update": 5.52020316288389, "lr": 0.00018743214910595102, "end_to_end_targets_per_second_this_process": 36264.419502301695}
{"timestamp_utc": "2026-10-04T10:29:56.718034+00:00", "event": "training_progress", "step": 1150, "committed_targets": 34150400, "valid_targets_this_update": 29696, "training_loss_this_update": 5.565061898067079, "lr": 0.0001831789747445512, "end_to_end_targets_per_second_this_process": 36283.057259536494}
{"timestamp_utc": "2026-10-04T10:30:04.468844+00:00", "event": "training_progress", "step": 1160, "committed_targets": 34447360, "valid_targets_this_update": 29696, "training_loss_this_update": 5.533474889294855, "lr": 0.00017897691337451002, "end_to_end_targets_per_second_this_process": 36299.640379452656}
{"timestamp_utc": "2026-10-04T10:30:12.242171+00:00", "event": "training_progress", "step": 1170, "committed_targets": 34744320, "valid_targets_this_update": 29696, "training_loss_this_update": 5.413425840180496, "lr": 0.00017482742786482849, "end_to_end_targets_per_second_this_process": 36315.100173217994}
{"timestamp_utc": "2026-10-04T10:30:19.986143+00:00", "event": "training_progress", "step": 1180, "committed_targets": 35041280, "valid_targets_this_update": 29696, "training_loss_this_update": 5.555396507526266, "lr": 0.00017073196278120557, "end_to_end_targets_per_second_this_process": 36331.416411251565}
{"timestamp_utc": "2026-10-04T10:30:27.702498+00:00", "event": "training_progress", "step": 1190, "committed_targets": 35338240, "valid_targets_this_update": 29696, "training_loss_this_update": 5.65576066641972, "lr": 0.0001666919438831406, "end_to_end_targets_per_second_this_process": 36348.50527115013}
{"timestamp_utc": "2026-10-04T10:30:35.398898+00:00", "event": "training_progress", "step": 1200, "committed_targets": 35635200, "valid_targets_this_update": 29696, "training_loss_this_update": 5.486991882324219, "lr": 0.00016270877762758108, "end_to_end_targets_per_second_this_process": 36366.065527105195}
{"timestamp_utc": "2026-10-04T10:30:36.222131+00:00", "event": "checkpoint", "step": 1200, "committed_targets": 35635200, "path": "/content/drive/MyDrive/Reversability/baseline-recovery-7bldlite/artifacts/reversible-v1/runs/midpoint_20m_fineweb_edu_50m_v1_matched/latest.pt"}
{"timestamp_utc": "2026-10-04T10:30:43.917247+00:00", "event": "training_progress", "step": 1210, "committed_targets": 35932160, "valid_targets_this_update": 29696, "training_loss_this_update": 5.643020103717673, "lr": 0.00015878385067929135, "end_to_end_targets_per_second_this_process": 36353.09653749299}
{"timestamp_utc": "2026-10-04T10:30:51.606547+00:00", "event": "training_progress", "step": 1220, "committed_targets": 36229120, "valid_targets_this_update": 29696, "training_loss_this_update": 5.584872278673895, "lr": 0.00015491852942811152, "end_to_end_targets_per_second_this_process": 36370.59474931613}
{"timestamp_utc": "2026-10-04T10:31:01.900421+00:00", "event": "training_progress", "step": 1230, "committed_targets": 36526080, "valid_targets_this_update": 29696, "training_loss_this_update": 5.45672660038389, "lr": 0.00015111415951327375, "end_to_end_targets_per_second_this_process": 36293.653148321726}
{"timestamp_utc": "2026-10-04T10:31:09.591968+00:00", "event": "training_progress", "step": 1240, "committed_targets": 36823040, "valid_targets_this_update": 29696, "training_loss_this_update": 5.6356530025087554, "lr": 0.00014737206535494362, "end_to_end_targets_per_second_this_process": 36311.21132031935}
{"timestamp_utc": "2026-10-04T10:31:17.275109+00:00", "event": "training_progress", "step": 1250, "committed_targets": 37120000, "valid_targets_this_update": 29696, "training_loss_this_update": 5.666338164230873, "lr": 0.00014369354969314817, "end_to_end_targets_per_second_this_process": 36328.80399041511}
{"timestamp_utc": "2026-10-04T10:31:24.968100+00:00", "event": "training_progress", "step": 1260, "committed_targets": 37416960, "valid_targets_this_update": 29696, "training_loss_this_update": 5.561941738786368, "lr": 0.00014007989313425054, "end_to_end_targets_per_second_this_process": 36345.7863593406}
{"timestamp_utc": "2026-10-04T10:31:32.678202+00:00", "event": "training_progress", "step": 1270, "committed_targets": 37713920, "valid_targets_this_update": 29696, "training_loss_this_update": 5.3933734236092405, "lr": 0.00013653235370513192, "end_to_end_targets_per_second_this_process": 36361.91682801676}
{"timestamp_utc": "2026-10-04T10:31:40.381507+00:00", "event": "training_progress", "step": 1280, "committed_targets": 38010880, "valid_targets_this_update": 29696, "training_loss_this_update": 5.410806063948007, "lr": 0.00013305216641523244, "end_to_end_targets_per_second_this_process": 36378.045950722175}
{"timestamp_utc": "2026-10-04T10:31:48.078881+00:00", "event": "training_progress", "step": 1290, "committed_targets": 38307840, "valid_targets_this_update": 29696, "training_loss_this_update": 5.407988186540274, "lr": 0.00012964054282660562, "end_to_end_targets_per_second_this_process": 36394.14406173623}
{"timestamp_utc": "2026-10-04T10:31:55.773746+00:00", "event": "training_progress", "step": 1300, "committed_targets": 38604800, "valid_targets_this_update": 29696, "training_loss_this_update": 5.402564476276266, "lr": 0.00012629867063213606, "end_to_end_targets_per_second_this_process": 36410.09456035948}
{"timestamp_utc": "2026-10-04T10:31:56.533600+00:00", "event": "checkpoint", "step": 1300, "committed_targets": 38604800, "path": "/content/drive/MyDrive/Reversability/baseline-recovery-7bldlite/artifacts/reversible-v1/runs/midpoint_20m_fineweb_edu_50m_v1_matched/latest.pt"}
{"timestamp_utc": "2026-10-04T10:32:04.242916+00:00", "event": "training_progress", "step": 1310, "committed_targets": 38901760, "valid_targets_this_update": 29696, "training_loss_this_update": 5.4760763234105605, "lr": 0.00012302771324206624, "end_to_end_targets_per_second_this_process": 36399.424875751705}
{"timestamp_utc": "2026-10-04T10:32:11.929653+00:00", "event": "training_progress", "step": 1320, "committed_targets": 39198720, "valid_targets_this_update": 29696, "training_loss_this_update": 5.617297994679418, "lr": 0.00011982880937897719, "end_to_end_targets_per_second_this_process": 36415.37308424329}
{"timestamp_utc": "2026-10-04T10:32:21.505173+00:00", "event": "training_progress", "step": 1330, "committed_targets": 39495680, "valid_targets_this_update": 29696, "training_loss_this_update": 5.459726267847522, "lr": 0.00011670307268136327, "end_to_end_targets_per_second_this_process": 36367.73425382763}
{"timestamp_utc": "2026-10-04T10:32:29.194997+00:00", "event": "training_progress", "step": 1340, "committed_targets": 39792640, "valid_targets_this_update": 29696, "training_loss_this_update": 5.47375856596848, "lr": 0.00011365159131593988, "end_to_end_targets_per_second_this_process": 36383.550800343524}
{"timestamp_utc": "2026-10-04T10:32:36.882933+00:00", "event": "training_progress", "step": 1350, "committed_targets": 40089600, "valid_targets_this_update": 29696, "training_loss_this_update": 5.295762160728717, "lr": 0.00011067542759881881, "end_to_end_targets_per_second_this_process": 36399.2088188958}
{"timestamp_utc": "2026-10-04T10:32:44.582316+00:00", "event": "training_progress", "step": 1360, "committed_targets": 40386560, "valid_targets_this_update": 29696, "training_loss_this_update": 5.330720046470905, "lr": 0.00010777561762568245, "end_to_end_targets_per_second_this_process": 36414.27407597831}
{"timestamp_utc": "2026-10-04T10:32:52.281048+00:00", "event": "training_progress", "step": 1370, "committed_targets": 40683520, "valid_targets_this_update": 29696, "training_loss_this_update": 5.471939613079202, "lr": 0.0001049531709110866, "end_to_end_targets_per_second_this_process": 36429.15269970199}
{"timestamp_utc": "2026-10-04T10:32:59.980674+00:00", "event": "training_progress", "step": 1380, "committed_targets": 40980480, "valid_targets_this_update": 29696, "training_loss_this_update": 5.378072541335533, "lr": 0.00010220907003701698, "end_to_end_targets_per_second_this_process": 36443.79863540607}
{"timestamp_utc": "2026-10-04T10:33:07.688955+00:00", "event": "training_progress", "step": 1390, "committed_targets": 41277440, "valid_targets_this_update": 29696, "training_loss_this_update": 5.5719714986866915, "lr": 9.954427031082159e-05, "end_to_end_targets_per_second_this_process": 36457.966661008}
{"timestamp_utc": "2026-10-04T10:33:15.380631+00:00", "event": "training_progress", "step": 1400, "committed_targets": 41574400, "valid_targets_this_update": 29696, "training_loss_this_update": 5.385850577518858, "lr": 9.695969943263821e-05, "end_to_end_targets_per_second_this_process": 36472.47441406062}
{"timestamp_utc": "2026-10-04T10:33:16.785724+00:00", "event": "checkpoint", "step": 1400, "committed_targets": 41574400, "path": "/content/drive/MyDrive/Reversability/baseline-recovery-7bldlite/artifacts/reversible-v1/runs/midpoint_20m_fineweb_edu_50m_v1_matched/latest.pt"}
{"timestamp_utc": "2026-10-04T10:33:24.471121+00:00", "event": "training_progress", "step": 1410, "committed_targets": 41871360, "valid_targets_this_update": 29696, "training_loss_this_update": 5.277268245302397, "lr": 9.445625717243342e-05, "end_to_end_targets_per_second_this_process": 36442.36699106099}
{"timestamp_utc": "2026-10-04T10:33:32.160702+00:00", "event": "training_progress", "step": 1420, "committed_targets": 42168320, "valid_targets_this_update": 29696, "training_loss_this_update": 5.289133006128772, "lr": 9.203481505676402e-05, "end_to_end_targets_per_second_this_process": 36456.834024310876}
{"timestamp_utc": "2026-10-04T10:33:41.871242+00:00", "event": "training_progress", "step": 1430, "committed_targets": 42465280, "valid_targets_this_update": 29696, "training_loss_this_update": 5.251229121767241, "lr": 8.969621606537156e-05, "end_to_end_targets_per_second_this_process": 36407.917130386704}
{"timestamp_utc": "2026-10-04T10:33:49.568026+00:00", "event": "training_progress", "step": 1440, "committed_targets": 42762240, "valid_targets_this_update": 29696, "training_loss_this_update": 5.355988074993265, "lr": 8.744127433771485e-05, "end_to_end_targets_per_second_this_process": 36422.17177531106}
{"timestamp_utc": "2026-10-04T10:33:57.270141+00:00", "event": "training_progress", "step": 1450, "committed_targets": 43059200, "valid_targets_this_update": 29696, "training_loss_this_update": 5.483023281755118, "lr": 8.527077488954245e-05, "end_to_end_targets_per_second_this_process": 36436.076542030234}
{"timestamp_utc": "2026-10-04T10:34:04.969994+00:00", "event": "training_progress", "step": 1460, "committed_targets": 43356160, "valid_targets_this_update": 29696, "training_loss_this_update": 5.34247115562702, "lr": 8.31854733396041e-05, "end_to_end_targets_per_second_this_process": 36449.870491241556}
{"timestamp_utc": "2026-10-04T10:34:12.659072+00:00", "event": "training_progress", "step": 1470, "committed_targets": 43653120, "valid_targets_this_update": 29696, "training_loss_this_update": 5.166282916891164, "lr": 8.118609564659613e-05, "end_to_end_targets_per_second_this_process": 36463.81521105116}
{"timestamp_utc": "2026-10-04T10:34:20.346189+00:00", "event": "training_progress", "step": 1480, "committed_targets": 43950080, "valid_targets_this_update": 29696, "training_loss_this_update": 5.272007383149246, "lr": 7.927333785643286e-05, "end_to_end_targets_per_second_this_process": 36477.64146571793}
{"timestamp_utc": "2026-10-04T10:34:28.048477+00:00", "event": "training_progress", "step": 1490, "committed_targets": 44247040, "valid_targets_this_update": 29696, "training_loss_this_update": 5.401357190362338, "lr": 7.744786585993084e-05, "end_to_end_targets_per_second_this_process": 36490.83554219771}
{"timestamp_utc": "2026-10-04T10:34:35.742201+00:00", "event": "training_progress", "step": 1500, "committed_targets": 44544000, "valid_targets_this_update": 29696, "training_loss_this_update": 5.291605193039467, "lr": 7.571031516099156e-05, "end_to_end_targets_per_second_this_process": 36504.119495056926}
{"timestamp_utc": "2026-10-04T10:34:44.098428+00:00", "event": "validation", "step": 1500, "committed_targets": 44544000, "validation_targets": 1000000, "validation_loss": 5.472103152832031, "best_validation_loss": 5.472103152832031, "best_validation_step": 1500}
{"timestamp_utc": "2026-10-04T10:34:44.849591+00:00", "event": "checkpoint", "step": 1500, "committed_targets": 44544000, "path": "/content/drive/MyDrive/Reversability/baseline-recovery-7bldlite/artifacts/reversible-v1/runs/midpoint_20m_fineweb_edu_50m_v1_matched/latest.pt"}
{"timestamp_utc": "2026-10-04T10:34:49.272520+00:00", "event": "best_checkpoint", "step": 1500, "committed_targets": 44544000, "validation_loss": 5.472103152832031, "path": "/content/drive/MyDrive/Reversability/baseline-recovery-7bldlite/artifacts/reversible-v1/runs/midpoint_20m_fineweb_edu_50m_v1_matched/best.pt"}
{"timestamp_utc": "2026-10-04T10:34:56.934759+00:00", "event": "training_progress", "step": 1510, "committed_targets": 44840960, "valid_targets_this_update": 29696, "training_loss_this_update": 5.444819746346309, "lr": 7.406129065536293e-05, "end_to_end_targets_per_second_this_process": 36120.16512007473}
{"timestamp_utc": "2026-10-04T10:35:09.087528+00:00", "event": "training_progress", "step": 1520, "committed_targets": 45137920, "valid_targets_this_update": 29696, "training_loss_this_update": 5.36572607632341, "lr": 7.25013664200557e-05, "end_to_end_targets_per_second_this_process": 36006.89048960004}
{"timestamp_utc": "2026-10-04T10:35:16.826461+00:00", "event": "training_progress", "step": 1530, "committed_targets": 45434880, "valid_targets_this_update": 29696, "training_loss_this_update": 5.259344692887931, "lr": 7.103108551348959e-05, "end_to_end_targets_per_second_this_process": 36021.40304838045}
{"timestamp_utc": "2026-10-04T10:35:24.716318+00:00", "event": "training_progress", "step": 1540, "committed_targets": 45731840, "valid_targets_this_update": 29696, "training_loss_this_update": 5.1937274275154905, "lr": 6.965095978643769e-05, "end_to_end_targets_per_second_this_process": 36031.453576373344}
{"timestamp_utc": "2026-10-04T10:35:33.365975+00:00", "event": "training_progress", "step": 1550, "committed_targets": 46028800, "valid_targets_this_update": 29696, "training_loss_this_update": 5.531267363449623, "lr": 6.836146970383501e-05, "end_to_end_targets_per_second_this_process": 36019.95023852944}
{"timestamp_utc": "2026-10-04T10:35:41.213817+00:00", "event": "training_progress", "step": 1560, "committed_targets": 46325760, "valid_targets_this_update": 29696, "training_loss_this_update": 5.397996573612608, "lr": 6.716306417751369e-05, "end_to_end_targets_per_second_this_process": 36031.05773176334}
{"timestamp_utc": "2026-10-04T10:35:48.961281+00:00", "event": "training_progress", "step": 1570, "committed_targets": 46622720, "valid_targets_this_update": 29696, "training_loss_this_update": 5.440517293995824, "lr": 6.605616040992282e-05, "end_to_end_targets_per_second_this_process": 36044.82743990476}
{"timestamp_utc": "2026-10-04T10:35:56.643123+00:00", "event": "training_progress", "step": 1580, "committed_targets": 46919680, "valid_targets_this_update": 29696, "training_loss_this_update": 5.635220231681035, "lr": 6.504114374888716e-05, "end_to_end_targets_per_second_this_process": 36060.25175939424}
{"timestamp_utc": "2026-10-04T10:36:04.337337+00:00", "event": "training_progress", "step": 1590, "committed_targets": 47216640, "valid_targets_this_update": 29696, "training_loss_this_update": 5.251757917733028, "lr": 6.411836755345544e-05, "end_to_end_targets_per_second_this_process": 36075.154070888144}
{"timestamp_utc": "2026-10-04T10:36:12.039655+00:00", "event": "training_progress", "step": 1600, "committed_targets": 47513600, "valid_targets_this_update": 29696, "training_loss_this_update": 5.252645295241783, "lr": 6.32881530708852e-05, "end_to_end_targets_per_second_this_process": 36089.66018786471}
{"timestamp_utc": "2026-10-04T10:36:13.057920+00:00", "event": "checkpoint", "step": 1600, "committed_targets": 47513600, "path": "/content/drive/MyDrive/Reversability/baseline-recovery-7bldlite/artifacts/reversible-v1/runs/midpoint_20m_fineweb_edu_50m_v1_matched/latest.pt"}
{"timestamp_utc": "2026-10-04T10:36:20.740516+00:00", "event": "training_progress", "step": 1610, "committed_targets": 47810560, "valid_targets_this_update": 29696, "training_loss_this_update": 5.4128047022326236, "lr": 6.255078932480632e-05, "end_to_end_targets_per_second_this_process": 36076.79361626584}
{"timestamp_utc": "2026-10-04T10:36:28.434001+00:00", "event": "training_progress", "step": 1620, "committed_targets": 48107520, "valid_targets_this_update": 29696, "training_loss_this_update": 5.246059812348465, "lr": 6.190653301460314e-05, "end_to_end_targets_per_second_this_process": 36091.350778984124}
{"timestamp_utc": "2026-10-04T10:36:38.664142+00:00", "event": "training_progress", "step": 1630, "committed_targets": 48404480, "valid_targets_this_update": 29696, "training_loss_this_update": 5.310513200431035, "lr": 6.135560842604915e-05, "end_to_end_targets_per_second_this_process": 36037.55283231068}
{"timestamp_utc": "2026-10-04T10:36:46.351208+00:00", "event": "training_progress", "step": 1640, "committed_targets": 48701440, "valid_targets_this_update": 29696, "training_loss_this_update": 5.479254097774111, "lr": 6.089820735322619e-05, "end_to_end_targets_per_second_this_process": 36052.31160913759}
{"timestamp_utc": "2026-10-04T10:36:54.064220+00:00", "event": "training_progress", "step": 1650, "committed_targets": 48998400, "valid_targets_this_update": 29696, "training_loss_this_update": 5.335605226714035, "lr": 6.0534489031754904e-05, "end_to_end_targets_per_second_this_process": 36066.21457559583}
{"timestamp_utc": "2026-10-04T10:37:01.792315+00:00", "event": "training_progress", "step": 1660, "committed_targets": 49295360, "valid_targets_this_update": 29696, "training_loss_this_update": 5.571205928407866, "lr": 6.026458008335989e-05, "end_to_end_targets_per_second_this_process": 36079.562202786656}
{"timestamp_utc": "2026-10-04T10:37:09.525779+00:00", "event": "training_progress", "step": 1670, "committed_targets": 49592320, "valid_targets_this_update": 29696, "training_loss_this_update": 5.47351442534348, "lr": 6.0088574471788666e-05, "end_to_end_targets_per_second_this_process": 36092.61875828835}
{"timestamp_utc": "2026-10-04T10:37:17.222084+00:00", "event": "training_progress", "step": 1680, "committed_targets": 49889280, "valid_targets_this_update": 29696, "training_loss_this_update": 5.416542053222656, "lr": 6.000653347009994e-05, "end_to_end_targets_per_second_this_process": 36106.50005219771}
{"timestamp_utc": "2026-10-04T10:37:20.102357+00:00", "event": "training_progress", "step": 1684, "committed_targets": 50000000, "valid_targets_this_update": 21632, "training_loss_this_update": 5.451689409786428, "lr": 6e-05, "end_to_end_targets_per_second_this_process": 36111.355858918985}
{"timestamp_utc": "2026-10-04T10:37:28.472256+00:00", "event": "validation", "step": 1684, "committed_targets": 50000000, "validation_targets": 1000000, "validation_loss": 5.443028756835938, "best_validation_loss": 5.443028756835938, "best_validation_step": 1684}
{"timestamp_utc": "2026-10-04T10:37:29.282465+00:00", "event": "checkpoint", "step": 1684, "committed_targets": 50000000, "path": "/content/drive/MyDrive/Reversability/baseline-recovery-7bldlite/artifacts/reversible-v1/runs/midpoint_20m_fineweb_edu_50m_v1_matched/latest.pt"}
{"timestamp_utc": "2026-10-04T10:37:35.416379+00:00", "event": "best_checkpoint", "step": 1684, "committed_targets": 50000000, "validation_loss": 5.443028756835938, "path": "/content/drive/MyDrive/Reversability/baseline-recovery-7bldlite/artifacts/reversible-v1/runs/midpoint_20m_fineweb_edu_50m_v1_matched/best.pt"}
{"timestamp_utc": "2026-10-04T10:37:35.478108+00:00", "event": "run_summary", "experiment_name": "midpoint_20m_fineweb_edu_50m_v1_matched", "completed_full_target_budget": true, "committed_targets": 50000000, "target_budget": 50000000, "optimizer_steps": 1684, "final_validation_loss": 5.443028756835938, "best_validation_loss": 5.443028756835938, "best_validation_step": 1684, "elapsed_seconds_this_process": 1399.972977653, "end_to_end_targets_per_second_this_process": 35714.97507317823, "peak_cuda_allocated_bytes": 9380185600, "peak_cuda_reserved_bytes": 12366905344, "checkpoint": "/content/drive/MyDrive/Reversability/baseline-recovery-7bldlite/artifacts/reversible-v1/runs/midpoint_20m_fineweb_edu_50m_v1_matched/latest.pt", "best_checkpoint": "/content/drive/MyDrive/Reversability/baseline-recovery-7bldlite/artifacts/reversible-v1/runs/midpoint_20m_fineweb_edu_50m_v1_matched/best.pt"}

[2026-10-04T10:37:37.178181+00:00] $ /usr/bin/python3 -u /content/Reversability/scripts/train_baseline.py --config /content/drive/MyDrive/Reversability/baseline-recovery-7bldlite/artifacts/reversible-v1/configs/euler_smoke.json --device cuda --max-targets 65536

{"timestamp_utc": "2026-10-04T10:37:40.824781+00:00", "event": "startup", "experiment_name": "euler_20m_fineweb_edu_50m_v1_matched_smoke", "parameters": 20340736, "method": "euler", "backward_mode": "reconstruct", "step_size": 0.5, "architecture": {"vocab_size": 50257, "max_sequence_length": 512, "n_layers": 7, "n_heads": 8, "d_model": 256, "d_ff": 1024, "dropout": 0.0, "bias": false}, "device": "cuda", "precision": "fp16", "physical_batch_size_sequences_per_device_microstep": 29, "gradient_accumulation_steps": 2, "data_parallel_world_size": 1, "effective_batch_size_sequences_per_optimizer_update": 58, "regular_valid_targets_per_microstep": 14848, "regular_valid_targets_per_optimizer_update": 29696, "target_budget": 65536, "run_stop_target": 65536, "config_sha256": "e097dc2b6f4a831e1b6271c1740fad1afca524d23297626bac6e9acb4b5a3123", "manifest_sha256": "71a12f5765cf37b7f5fb8753d51fa0828915a6db313ae20aef7fa9fb2e14df8a", "command": "/content/Reversability/scripts/train_baseline.py --config /content/drive/MyDrive/Reversability/baseline-recovery-7bldlite/artifacts/reversible-v1/configs/euler_smoke.json --device cuda --max-targets 65536", "environment": {"python": "3.13.15 (main, Aug  6 2026, 11:06:22) [GCC 13.3.0]", "platform": "Linux-6.6.122+-x86_64-with-glibc2.39", "torch": "2.11.0+cu128", "numpy": "2.1.3", "cuda_runtime": "12.8", "accelerator": {"name": "Tesla T4", "total_memory_bytes": 15637086208, "compute_capability": [7, 5], "device_count": 1}}, "resumed_from_targets": 0}
{"timestamp_utc": "2026-10-04T10:37:51.061941+00:00", "event": "validation", "step": 2, "committed_targets": 59392, "validation_targets": 1000000, "validation_loss": 10.84392792578125, "best_validation_loss": 10.84392792578125, "best_validation_step": 2}
{"timestamp_utc": "2026-10-04T10:37:52.989314+00:00", "event": "checkpoint", "step": 2, "committed_targets": 59392, "path": "/content/drive/MyDrive/Reversability/baseline-recovery-7bldlite/artifacts/reversible-v1/runs/euler_20m_fineweb_edu_50m_v1_matched_smoke/latest.pt"}
{"timestamp_utc": "2026-10-04T10:37:58.979356+00:00", "event": "best_checkpoint", "step": 2, "committed_targets": 59392, "validation_loss": 10.84392792578125, "path": "/content/drive/MyDrive/Reversability/baseline-recovery-7bldlite/artifacts/reversible-v1/runs/euler_20m_fineweb_edu_50m_v1_matched_smoke/best.pt"}
{"timestamp_utc": "2026-10-04T10:37:59.220278+00:00", "event": "training_progress", "step": 3, "committed_targets": 65536, "valid_targets_this_update": 6144, "training_loss_this_update": 10.842522939046225, "lr": 3.932159999999999e-05, "end_to_end_targets_per_second_this_process": 3562.2078010160276}
{"timestamp_utc": "2026-10-04T10:38:08.027794+00:00", "event": "validation", "step": 3, "committed_targets": 65536, "validation_targets": 1000000, "validation_loss": 10.8215066875, "best_validation_loss": 10.8215066875, "best_validation_step": 3}
{"timestamp_utc": "2026-10-04T10:38:08.855545+00:00", "event": "checkpoint", "step": 3, "committed_targets": 65536, "path": "/content/drive/MyDrive/Reversability/baseline-recovery-7bldlite/artifacts/reversible-v1/runs/euler_20m_fineweb_edu_50m_v1_matched_smoke/latest.pt"}
{"timestamp_utc": "2026-10-04T10:38:10.914549+00:00", "event": "best_checkpoint", "step": 3, "committed_targets": 65536, "validation_loss": 10.8215066875, "path": "/content/drive/MyDrive/Reversability/baseline-recovery-7bldlite/artifacts/reversible-v1/runs/euler_20m_fineweb_edu_50m_v1_matched_smoke/best.pt"}
{"timestamp_utc": "2026-10-04T10:38:11.588499+00:00", "event": "run_summary", "experiment_name": "euler_20m_fineweb_edu_50m_v1_matched_smoke", "completed_full_target_budget": true, "committed_targets": 65536, "target_budget": 65536, "optimizer_steps": 3, "final_validation_loss": 10.8215066875, "best_validation_loss": 10.8215066875, "best_validation_step": 3, "elapsed_seconds_this_process": 30.09997605000035, "end_to_end_targets_per_second_this_process": 2177.2774799267404, "peak_cuda_allocated_bytes": 9379268096, "peak_cuda_reserved_bytes": 12364808192, "checkpoint": "/content/drive/MyDrive/Reversability/baseline-recovery-7bldlite/artifacts/reversible-v1/runs/euler_20m_fineweb_edu_50m_v1_matched_smoke/latest.pt", "best_checkpoint": "/content/drive/MyDrive/Reversability/baseline-recovery-7bldlite/artifacts/reversible-v1/runs/euler_20m_fineweb_edu_50m_v1_matched_smoke/best.pt"}

[2026-10-04T10:38:12.753371+00:00] $ /usr/bin/python3 -u /content/Reversability/scripts/train_baseline.py --config /content/drive/MyDrive/Reversability/baseline-recovery-7bldlite/artifacts/reversible-v1/configs/euler_matched.json --device cuda

{"timestamp_utc": "2026-10-04T10:38:16.522274+00:00", "event": "startup", "experiment_name": "euler_20m_fineweb_edu_50m_v1_matched", "parameters": 20340736, "method": "euler", "backward_mode": "reconstruct", "step_size": 0.5, "architecture": {"vocab_size": 50257, "max_sequence_length": 512, "n_layers": 7, "n_heads": 8, "d_model": 256, "d_ff": 1024, "dropout": 0.0, "bias": false}, "device": "cuda", "precision": "fp16", "physical_batch_size_sequences_per_device_microstep": 29, "gradient_accumulation_steps": 2, "data_parallel_world_size": 1, "effective_batch_size_sequences_per_optimizer_update": 58, "regular_valid_targets_per_microstep": 14848, "regular_valid_targets_per_optimizer_update": 29696, "target_budget": 50000000, "run_stop_target": 50000000, "config_sha256": "06e5650b7419c68d253880f400ac95aa482133380d2ddb95de758f34d57951f7", "manifest_sha256": "71a12f5765cf37b7f5fb8753d51fa0828915a6db313ae20aef7fa9fb2e14df8a", "command": "/content/Reversability/scripts/train_baseline.py --config /content/drive/MyDrive/Reversability/baseline-recovery-7bldlite/artifacts/reversible-v1/configs/euler_matched.json --device cuda", "environment": {"python": "3.13.15 (main, Aug  6 2026, 11:06:22) [GCC 13.3.0]", "platform": "Linux-6.6.122+-x86_64-with-glibc2.39", "torch": "2.11.0+cu128", "numpy": "2.1.3", "cuda_runtime": "12.8", "accelerator": {"name": "Tesla T4", "total_memory_bytes": 15637086208, "compute_capability": [7, 5], "device_count": 1}}, "resumed_from_targets": 0}
{"timestamp_utc": "2026-10-04T10:38:24.815478+00:00", "event": "training_progress", "step": 10, "committed_targets": 296960, "valid_targets_this_update": 29696, "training_loss_this_update": 10.324810159617456, "lr": 0.000178176, "end_to_end_targets_per_second_this_process": 35798.90823984239}
{"timestamp_utc": "2026-10-04T10:38:34.342306+00:00", "event": "training_progress", "step": 20, "committed_targets": 593920, "valid_targets_this_update": 29696, "training_loss_this_update": 9.664720206425107, "lr": 0.000356352, "end_to_end_targets_per_second_this_process": 33325.00279897446}
{"timestamp_utc": "2026-10-04T10:38:42.062658+00:00", "event": "training_progress", "step": 30, "committed_targets": 890880, "valid_targets_this_update": 29696, "training_loss_this_update": 8.689489430394666, "lr": 0.0005345279999999999, "end_to_end_targets_per_second_this_process": 34878.46429769621}
{"timestamp_utc": "2026-10-04T10:38:55.713616+00:00", "event": "training_progress", "step": 40, "committed_targets": 1187840, "valid_targets_this_update": 29696, "training_loss_this_update": 7.982713370487608, "lr": 0.0005992483636185678, "end_to_end_targets_per_second_this_process": 30307.168482296314}
{"timestamp_utc": "2026-10-04T10:39:03.385131+00:00", "event": "training_progress", "step": 50, "committed_targets": 1484800, "valid_targets_this_update": 29696, "training_loss_this_update": 7.683762912092538, "lr": 0.000598825874801696, "end_to_end_targets_per_second_this_process": 31682.571495444656}
{"timestamp_utc": "2026-10-04T10:39:11.071754+00:00", "event": "training_progress", "step": 60, "committed_targets": 1781760, "valid_targets_this_update": 29696, "training_loss_this_update": 7.508552025104391, "lr": 0.0005983097992891052, "end_to_end_targets_per_second_this_process": 32661.977626419717}
{"timestamp_utc": "2026-10-04T10:39:19.521217+00:00", "event": "training_progress", "step": 70, "committed_targets": 2078720, "valid_targets_this_update": 29696, "training_loss_this_update": 7.482382149531923, "lr": 0.0005977003167428232, "end_to_end_targets_per_second_this_process": 32995.04848869775}
{"timestamp_utc": "2026-10-04T10:39:27.212066+00:00", "event": "training_progress", "step": 80, "committed_targets": 2375680, "valid_targets_this_update": 29696, "training_loss_this_update": 7.191573044349408, "lr": 0.0005969976393427891, "end_to_end_targets_per_second_this_process": 33606.1529685631}
{"timestamp_utc": "2026-10-04T10:39:34.907018+00:00", "event": "training_progress", "step": 90, "committed_targets": 2672640, "valid_targets_this_update": 29696, "training_loss_this_update": 7.139118063038793, "lr": 0.0005962020117129851, "end_to_end_targets_per_second_this_process": 34095.549599768034}
{"timestamp_utc": "2026-10-04T10:39:42.604576+00:00", "event": "training_progress", "step": 100, "committed_targets": 2969600, "valid_targets_this_update": 29696, "training_loss_this_update": 7.199354500606142, "lr": 0.0005953137108362756, "end_to_end_targets_per_second_this_process": 34496.408143636574}
{"timestamp_utc": "2026-10-04T10:39:43.586214+00:00", "event": "checkpoint", "step": 100, "committed_targets": 2969600, "path": "/content/drive/MyDrive/Reversability/baseline-recovery-7bldlite/artifacts/reversible-v1/runs/euler_20m_fineweb_edu_50m_v1_matched/latest.pt"}
{"timestamp_utc": "2026-10-04T10:39:51.251843+00:00", "event": "training_progress", "step": 110, "committed_targets": 3266560, "valid_targets_this_update": 29696, "training_loss_this_update": 7.011426465264682, "lr": 0.0005943330459579814, "end_to_end_targets_per_second_this_process": 34482.26591684154}
{"timestamp_utc": "2026-10-04T10:39:58.938943+00:00", "event": "training_progress", "step": 120, "committed_targets": 3563520, "valid_targets_this_update": 29696, "training_loss_this_update": 6.8254370853818696, "lr": 0.0005932603584782214, "end_to_end_targets_per_second_this_process": 34793.648369542236}
{"timestamp_utc": "2026-10-04T10:40:06.620977+00:00", "event": "training_progress", "step": 130, "committed_targets": 3860480, "valid_targets_this_update": 29696, "training_loss_this_update": 6.999308619005927, "lr": 0.0005920960218330598, "end_to_end_targets_per_second_this_process": 35063.16507144832}
{"timestamp_utc": "2026-10-04T10:40:14.307875+00:00", "event": "training_progress", "step": 140, "committed_targets": 4157440, "valid_targets_this_update": 29696, "training_loss_this_update": 6.767749128670528, "lr": 0.0005908404413645029, "end_to_end_targets_per_second_this_process": 35296.06749334025}
{"timestamp_utc": "2026-10-04T10:40:21.993056+00:00", "event": "training_progress", "step": 150, "committed_targets": 4454400, "valid_targets_this_update": 29696, "training_loss_this_update": 6.720710491311961, "lr": 0.0005894940541793856, "end_to_end_targets_per_second_this_process": 35500.91947725745}
{"timestamp_utc": "2026-10-04T10:40:29.678568+00:00", "event": "training_progress", "step": 160, "committed_targets": 4751360, "valid_targets_this_update": 29696, "training_loss_this_update": 6.712286324336611, "lr": 0.0005880573289972008, "end_to_end_targets_per_second_this_process": 35682.03646586186}
{"timestamp_utc": "2026-10-04T10:40:37.373690+00:00", "event": "training_progress", "step": 170, "committed_targets": 5048320, "valid_targets_this_update": 29696, "training_loss_this_update": 6.590906340500404, "lr": 0.0005865307659869246, "end_to_end_targets_per_second_this_process": 35840.94244815942}
{"timestamp_utc": "2026-10-04T10:40:45.068776+00:00", "event": "training_progress", "step": 180, "committed_targets": 5345280, "valid_targets_this_update": 29696, "training_loss_this_update": 6.603568241514009, "lr": 0.0005849148965928906, "end_to_end_targets_per_second_this_process": 35983.393206245535}
{"timestamp_utc": "2026-10-04T10:40:52.743990+00:00", "event": "training_progress", "step": 190, "committed_targets": 5642240, "valid_targets_this_update": 29696, "training_loss_this_update": 6.525101497255522, "lr": 0.0005832102833497782, "end_to_end_targets_per_second_this_process": 36116.4057495008}
{"timestamp_utc": "2026-10-04T10:41:00.425326+00:00", "event": "training_progress", "step": 200, "committed_targets": 5939200, "valid_targets_this_update": 29696, "training_loss_this_update": 6.520411524279364, "lr": 0.0005814175196867768, "end_to_end_targets_per_second_this_process": 36235.60756943095}
{"timestamp_utc": "2026-10-04T10:41:01.286709+00:00", "event": "checkpoint", "step": 200, "committed_targets": 5939200, "path": "/content/drive/MyDrive/Reversability/baseline-recovery-7bldlite/artifacts/reversible-v1/runs/euler_20m_fineweb_edu_50m_v1_matched/latest.pt"}
{"timestamp_utc": "2026-10-04T10:41:08.993559+00:00", "event": "training_progress", "step": 210, "committed_targets": 6236160, "valid_targets_this_update": 29696, "training_loss_this_update": 7.074938280829068, "lr": 0.0005795372297209936, "end_to_end_targets_per_second_this_process": 36157.246599596154}
{"timestamp_utc": "2026-10-04T10:41:16.679382+00:00", "event": "training_progress", "step": 220, "committed_targets": 6533120, "valid_targets_this_update": 29696, "training_loss_this_update": 6.2821415868298764, "lr": 0.0005775700680401802, "end_to_end_targets_per_second_this_process": 36263.05332633477}
{"timestamp_utc": "2026-10-04T10:41:26.472243+00:00", "event": "training_progress", "step": 230, "committed_targets": 6830080, "valid_targets_this_update": 29696, "training_loss_this_update": 6.433588751431169, "lr": 0.0005755167194748493, "end_to_end_targets_per_second_this_process": 35956.87446154223}
{"timestamp_utc": "2026-10-04T10:41:34.160160+00:00", "event": "training_progress", "step": 240, "committed_targets": 7127040, "valid_targets_this_update": 29696, "training_loss_this_update": 6.492571337469693, "lr": 0.0005733778988598637, "end_to_end_targets_per_second_this_process": 36060.732882556054}
{"timestamp_utc": "2026-10-04T10:41:41.850637+00:00", "event": "training_progress", "step": 250, "committed_targets": 7424000, "valid_targets_this_update": 29696, "training_loss_this_update": 6.3406656199488145, "lr": 0.0005711543507855805, "end_to_end_targets_per_second_this_process": 36156.36264113657}
{"timestamp_utc": "2026-10-04T10:41:49.547617+00:00", "event": "training_progress", "step": 260, "committed_targets": 7720960, "valid_targets_this_update": 29696, "training_loss_this_update": 6.380011986041891, "lr": 0.0005688468493386356, "end_to_end_targets_per_second_this_process": 36243.98138528883}
{"timestamp_utc": "2026-10-04T10:41:57.240879+00:00", "event": "training_progress", "step": 270, "committed_targets": 8017920, "valid_targets_this_update": 29696, "training_loss_this_update": 6.467145196322737, "lr": 0.0005664561978324597, "end_to_end_targets_per_second_this_process": 36326.10131984284}
{"timestamp_utc": "2026-10-04T10:42:04.929368+00:00", "event": "training_progress", "step": 280, "committed_targets": 8314880, "valid_targets_this_update": 29696, "training_loss_this_update": 6.344597125875539, "lr": 0.0005639832285276203, "end_to_end_targets_per_second_this_process": 36403.45030267879}
{"timestamp_utc": "2026-10-04T10:42:12.611569+00:00", "event": "training_progress", "step": 290, "committed_targets": 8611840, "valid_targets_this_update": 29696, "training_loss_this_update": 6.435273795292296, "lr": 0.0005614288023420852, "end_to_end_targets_per_second_this_process": 36476.73291859337}
{"timestamp_utc": "2026-10-04T10:42:20.296283+00:00", "event": "training_progress", "step": 300, "committed_targets": 8908800, "valid_targets_this_update": 29696, "training_loss_this_update": 6.295173118854391, "lr": 0.0005587938085515105, "end_to_end_targets_per_second_this_process": 36545.01979279123}
{"timestamp_utc": "2026-10-04T10:42:21.094597+00:00", "event": "checkpoint", "step": 300, "committed_targets": 8908800, "path": "/content/drive/MyDrive/Reversability/baseline-recovery-7bldlite/artifacts/reversible-v1/runs/euler_20m_fineweb_edu_50m_v1_matched/latest.pt"}
{"timestamp_utc": "2026-10-04T10:42:28.803732+00:00", "event": "training_progress", "step": 310, "committed_targets": 9205760, "valid_targets_this_update": 29696, "training_loss_this_update": 6.30810467950229, "lr": 0.0005560791644796555, "end_to_end_targets_per_second_this_process": 36489.74538212231}
{"timestamp_utc": "2026-10-04T10:42:36.487036+00:00", "event": "training_progress", "step": 320, "committed_targets": 9502720, "valid_targets_this_update": 29696, "training_loss_this_update": 6.262611389160156, "lr": 0.000553285815179034, "end_to_end_targets_per_second_this_process": 36553.59260098842}
{"timestamp_utc": "2026-10-04T10:42:45.962434+00:00", "event": "training_progress", "step": 330, "committed_targets": 9799680, "valid_targets_this_update": 29696, "training_loss_this_update": 6.280465750858702, "lr": 0.0005504147331019117, "end_to_end_targets_per_second_this_process": 36370.25142957626}
{"timestamp_utc": "2026-10-04T10:42:53.655468+00:00", "event": "training_progress", "step": 340, "committed_targets": 10096640, "valid_targets_this_update": 29696, "training_loss_this_update": 6.232683905239763, "lr": 0.0005474669177617652, "end_to_end_targets_per_second_this_process": 36432.17942833478}
{"timestamp_utc": "2026-10-04T10:43:01.347449+00:00", "event": "training_progress", "step": 350, "committed_targets": 10393600, "valid_targets_this_update": 29696, "training_loss_this_update": 6.352582997289197, "lr": 0.0005444433953853202, "end_to_end_targets_per_second_this_process": 36490.89702392821}
{"timestamp_utc": "2026-10-04T10:43:09.036335+00:00", "event": "training_progress", "step": 360, "committed_targets": 10690560, "valid_targets_this_update": 29696, "training_loss_this_update": 6.293214469120421, "lr": 0.0005413452185552899, "end_to_end_targets_per_second_this_process": 36546.913324300505}
{"timestamp_utc": "2026-10-04T10:43:16.720760+00:00", "event": "training_progress", "step": 370, "committed_targets": 10987520, "valid_targets_this_update": 29696, "training_loss_this_update": 6.432547733701509, "lr": 0.0005381734658439376, "end_to_end_targets_per_second_this_process": 36600.60400002847}
{"timestamp_utc": "2026-10-04T10:43:24.400876+00:00", "event": "training_progress", "step": 380, "committed_targets": 11284480, "valid_targets_this_update": 29696, "training_loss_this_update": 6.1509244195346175, "lr": 0.0005349292414375928, "end_to_end_targets_per_second_this_process": 36652.127703508384}
{"timestamp_utc": "2026-10-04T10:43:32.085188+00:00", "event": "training_progress", "step": 390, "committed_targets": 11581440, "valid_targets_this_update": 29696, "training_loss_this_update": 6.077569369612069, "lr": 0.0005316136747522482, "end_to_end_targets_per_second_this_process": 36700.65522106105}
{"timestamp_utc": "2026-10-04T10:43:39.770704+00:00", "event": "training_progress", "step": 400, "committed_targets": 11878400, "valid_targets_this_update": 29696, "training_loss_this_update": 6.147041320800781, "lr": 0.0005282279200403763, "end_to_end_targets_per_second_this_process": 36746.738622064186}
{"timestamp_utc": "2026-10-04T10:43:40.550556+00:00", "event": "checkpoint", "step": 400, "committed_targets": 11878400, "path": "/content/drive/MyDrive/Reversability/baseline-recovery-7bldlite/artifacts/reversible-v1/runs/euler_20m_fineweb_edu_50m_v1_matched/latest.pt"}
{"timestamp_utc": "2026-10-04T10:43:48.259792+00:00", "event": "training_progress", "step": 410, "committed_targets": 12175360, "valid_targets_this_update": 29696, "training_loss_this_update": 6.190802212419181, "lr": 0.0005247731559890961, "end_to_end_targets_per_second_this_process": 36701.563688999006}
{"timestamp_utc": "2026-10-04T10:43:55.950159+00:00", "event": "training_progress", "step": 420, "committed_targets": 12472320, "valid_targets_this_update": 29696, "training_loss_this_update": 6.212731986210264, "lr": 0.0005212505853098367, "end_to_end_targets_per_second_this_process": 36744.90566063783}
{"timestamp_utc": "2026-10-04T10:44:05.409086+00:00", "event": "training_progress", "step": 430, "committed_targets": 12769280, "valid_targets_this_update": 29696, "training_loss_this_update": 6.108920393318965, "lr": 0.0005176614343196356, "end_to_end_targets_per_second_this_process": 36599.85286266065}
{"timestamp_utc": "2026-10-04T10:44:13.101196+00:00", "event": "training_progress", "step": 440, "committed_targets": 13066240, "valid_targets_this_update": 29696, "training_loss_this_update": 6.369046178357355, "lr": 0.0005140069525142184, "end_to_end_targets_per_second_this_process": 36643.12438162266}
{"timestamp_utc": "2026-10-04T10:44:20.783551+00:00", "event": "training_progress", "step": 450, "committed_targets": 13363200, "valid_targets_this_update": 29696, "training_loss_this_update": 6.202862969760237, "lr": 0.0005102884121330118, "end_to_end_targets_per_second_this_process": 36685.551174142915}
{"timestamp_utc": "2026-10-04T10:44:28.467434+00:00", "event": "training_progress", "step": 460, "committed_targets": 13660160, "valid_targets_this_update": 29696, "training_loss_this_update": 6.251668206576643, "lr": 0.0005065071077162358, "end_to_end_targets_per_second_this_process": 36726.07433923522}
{"timestamp_utc": "2026-10-04T10:44:36.153097+00:00", "event": "training_progress", "step": 470, "committed_targets": 13957120, "valid_targets_this_update": 29696, "training_loss_this_update": 6.065522292564655, "lr": 0.0005026643556542348, "end_to_end_targets_per_second_this_process": 36764.78496476009}
{"timestamp_utc": "2026-10-04T10:44:43.838185+00:00", "event": "training_progress", "step": 480, "committed_targets": 14254080, "valid_targets_this_update": 29696, "training_loss_this_update": 6.100060035442484, "lr": 0.0004987614937292003, "end_to_end_targets_per_second_this_process": 36802.01373403582}
{"timestamp_utc": "2026-10-04T10:44:51.522788+00:00", "event": "training_progress", "step": 490, "committed_targets": 14551040, "valid_targets_this_update": 29696, "training_loss_this_update": 5.784458555024246, "lr": 0.0004947998806494475, "end_to_end_targets_per_second_this_process": 36837.83902937002}
{"timestamp_utc": "2026-10-04T10:44:59.209602+00:00", "event": "training_progress", "step": 500, "committed_targets": 14848000, "valid_targets_this_update": 29696, "training_loss_this_update": 6.263910490891029, "lr": 0.0004907808955764062, "end_to_end_targets_per_second_this_process": 36872.094882540805}
{"timestamp_utc": "2026-10-04T10:45:07.526909+00:00", "event": "validation", "step": 500, "committed_targets": 14848000, "validation_targets": 1000000, "validation_loss": 6.144438630859375, "best_validation_loss": 6.144438630859375, "best_validation_step": 500}
{"timestamp_utc": "2026-10-04T10:45:08.910488+00:00", "event": "checkpoint", "step": 500, "committed_targets": 14848000, "path": "/content/drive/MyDrive/Reversability/baseline-recovery-7bldlite/artifacts/reversible-v1/runs/euler_20m_fineweb_edu_50m_v1_matched/latest.pt"}
{"timestamp_utc": "2026-10-04T10:45:09.778422+00:00", "event": "best_checkpoint", "step": 500, "committed_targets": 14848000, "validation_loss": 6.144438630859375, "path": "/content/drive/MyDrive/Reversability/baseline-recovery-7bldlite/artifacts/reversible-v1/runs/euler_20m_fineweb_edu_50m_v1_matched/best.pt"}
{"timestamp_utc": "2026-10-04T10:45:17.517089+00:00", "event": "training_progress", "step": 510, "committed_targets": 15144960, "valid_targets_this_update": 29696, "training_loss_this_update": 5.851831107304014, "lr": 0.0004867059376444914, "end_to_end_targets_per_second_this_process": 35974.04670363645}
{"timestamp_utc": "2026-10-04T10:45:25.205749+00:00", "event": "training_progress", "step": 520, "committed_targets": 15441920, "valid_targets_this_update": 29696, "training_loss_this_update": 5.936148281755118, "lr": 0.0004825764254740215, "end_to_end_targets_per_second_this_process": 36021.55911275585}
{"timestamp_utc": "2026-10-04T10:45:33.952065+00:00", "event": "training_progress", "step": 530, "committed_targets": 15738880, "valid_targets_this_update": 29696, "training_loss_this_update": 6.01459108549973, "lr": 0.0004783937966773514, "end_to_end_targets_per_second_this_process": 35980.19033617042}
{"timestamp_utc": "2026-10-04T10:45:41.636533+00:00", "event": "training_progress", "step": 540, "committed_targets": 16035840, "valid_targets_this_update": 29696, "training_loss_this_update": 6.088970315867457, "lr": 0.0004741595073583952, "end_to_end_targets_per_second_this_process": 36026.18145500062}
{"timestamp_utc": "2026-10-04T10:45:49.324477+00:00", "event": "training_progress", "step": 550, "committed_targets": 16332800, "valid_targets_this_update": 29696, "training_loss_this_update": 5.870642826474946, "lr": 0.00046987503160571075, "end_to_end_targets_per_second_this_process": 36070.33474802844}
{"timestamp_utc": "2026-10-04T10:45:57.009246+00:00", "event": "training_progress", "step": 560, "committed_targets": 16629760, "valid_targets_this_update": 29696, "training_loss_this_update": 5.920905277646821, "lr": 0.000465541860979323, "end_to_end_targets_per_second_this_process": 36113.26254546407}
{"timestamp_utc": "2026-10-04T10:46:04.695998+00:00", "event": "training_progress", "step": 570, "committed_targets": 16926720, "valid_targets_this_update": 29696, "training_loss_this_update": 6.066294176825162, "lr": 0.00046116150399146605, "end_to_end_targets_per_second_this_process": 36154.627854960825}
{"timestamp_utc": "2026-10-04T10:46:12.388372+00:00", "event": "training_progress", "step": 580, "committed_targets": 17223680, "valid_targets_this_update": 29696, "training_loss_this_update": 6.037466114964978, "lr": 0.000456735485581422, "end_to_end_targets_per_second_this_process": 36194.229384766084}
{"timestamp_utc": "2026-10-04T10:46:20.083242+00:00", "event": "training_progress", "step": 590, "committed_targets": 17520640, "valid_targets_this_update": 29696, "training_loss_this_update": 6.008395227892645, "lr": 0.0004522653465846424, "end_to_end_targets_per_second_this_process": 36232.38386740874}
{"timestamp_utc": "2026-10-04T10:46:27.777000+00:00", "event": "training_progress", "step": 600, "committed_targets": 17817600, "valid_targets_this_update": 29696, "training_loss_this_update": 5.924662096747037, "lr": 0.0004477526431963352, "end_to_end_targets_per_second_this_process": 36269.42526153005}
{"timestamp_utc": "2026-10-04T10:46:28.658064+00:00", "event": "checkpoint", "step": 600, "committed_targets": 17817600, "path": "/content/drive/MyDrive/Reversability/baseline-recovery-7bldlite/artifacts/reversible-v1/runs/euler_20m_fineweb_edu_50m_v1_matched/latest.pt"}
{"timestamp_utc": "2026-10-04T10:46:36.368165+00:00", "event": "training_progress", "step": 610, "committed_targets": 18114560, "valid_targets_this_update": 29696, "training_loss_this_update": 5.887745824353448, "lr": 0.00044319894642970415, "end_to_end_targets_per_second_this_process": 36240.143177251724}
{"timestamp_utc": "2026-10-04T10:46:44.054993+00:00", "event": "training_progress", "step": 620, "committed_targets": 18411520, "valid_targets_this_update": 29696, "training_loss_this_update": 5.869222180596713, "lr": 0.00043860584156903056, "end_to_end_targets_per_second_this_process": 36276.373660600795}
{"timestamp_utc": "2026-10-04T10:46:53.965430+00:00", "event": "training_progress", "step": 630, "committed_targets": 18708480, "valid_targets_this_update": 29696, "training_loss_this_update": 6.3616309330381196, "lr": 0.00043397492761778586, "end_to_end_targets_per_second_this_process": 36155.48204776317}
{"timestamp_utc": "2026-10-04T10:47:01.650065+00:00", "event": "training_progress", "step": 640, "committed_targets": 19005440, "valid_targets_this_update": 29696, "training_loss_this_update": 5.784463553593077, "lr": 0.0004293078167419683, "end_to_end_targets_per_second_this_process": 36191.88895043376}
{"timestamp_utc": "2026-10-04T10:47:09.334034+00:00", "event": "training_progress", "step": 650, "committed_targets": 19302400, "valid_targets_this_update": 29696, "training_loss_this_update": 5.724222117456897, "lr": 0.00042460613370885823, "end_to_end_targets_per_second_this_process": 36227.290854352745}
{"timestamp_utc": "2026-10-04T10:47:17.022796+00:00", "event": "training_progress", "step": 660, "committed_targets": 19599360, "valid_targets_this_update": 29696, "training_loss_this_update": 5.851942917396283, "lr": 0.0004198715153213848, "end_to_end_targets_per_second_this_process": 36261.36476913046}
{"timestamp_utc": "2026-10-04T10:47:24.717876+00:00", "event": "training_progress", "step": 670, "committed_targets": 19896320, "valid_targets_this_update": 29696, "training_loss_this_update": 5.946547672666353, "lr": 0.0004151056098483048, "end_to_end_targets_per_second_this_process": 36294.0644529552}
{"timestamp_utc": "2026-10-04T10:47:32.415026+00:00", "event": "training_progress", "step": 680, "committed_targets": 20193280, "valid_targets_this_update": 29696, "training_loss_this_update": 5.947514238028691, "lr": 0.00041031007645038773, "end_to_end_targets_per_second_this_process": 36325.72357914282}
{"timestamp_utc": "2026-10-04T10:47:40.104352+00:00", "event": "training_progress", "step": 690, "committed_targets": 20490240, "valid_targets_this_update": 29696, "training_loss_this_update": 5.898510636954472, "lr": 0.00040548658460281065, "end_to_end_targets_per_second_this_process": 36357.02262983146}
{"timestamp_utc": "2026-10-04T10:47:47.787898+00:00", "event": "training_progress", "step": 700, "committed_targets": 20787200, "valid_targets_this_update": 29696, "training_loss_this_update": 6.04516522637729, "lr": 0.00040063681351396133, "end_to_end_targets_per_second_this_process": 36387.847358821666}
{"timestamp_utc": "2026-10-04T10:47:48.841308+00:00", "event": "checkpoint", "step": 700, "committed_targets": 20787200, "path": "/content/drive/MyDrive/Reversability/baseline-recovery-7bldlite/artifacts/reversible-v1/runs/euler_20m_fineweb_edu_50m_v1_matched/latest.pt"}
{"timestamp_utc": "2026-10-04T10:47:56.556155+00:00", "event": "training_progress", "step": 710, "committed_targets": 21084160, "valid_targets_this_update": 29696, "training_loss_this_update": 5.715291516534213, "lr": 0.0003957624515408537, "end_to_end_targets_per_second_this_process": 36349.7496849533}
{"timestamp_utc": "2026-10-04T10:48:04.242575+00:00", "event": "training_progress", "step": 720, "committed_targets": 21381120, "valid_targets_this_update": 29696, "training_loss_this_update": 6.107195623989763, "lr": 0.00039086519560135744, "end_to_end_targets_per_second_this_process": 36379.62876895729}
{"timestamp_utc": "2026-10-04T10:48:14.548024+00:00", "event": "training_progress", "step": 730, "committed_targets": 21678080, "valid_targets_this_update": 29696, "training_loss_this_update": 5.827176324252425, "lr": 0.000385946750583448, "end_to_end_targets_per_second_this_process": 36249.28630083588}
{"timestamp_utc": "2026-10-04T10:48:22.240828+00:00", "event": "training_progress", "step": 740, "committed_targets": 21975040, "valid_targets_this_update": 29696, "training_loss_this_update": 5.8107802292396284, "lr": 0.0003810088287516821, "end_to_end_targets_per_second_this_process": 36279.17020268237}
{"timestamp_utc": "2026-10-04T10:48:29.937045+00:00", "event": "training_progress", "step": 750, "committed_targets": 22272000, "valid_targets_this_update": 29696, "training_loss_this_update": 5.786092823949353, "lr": 0.0003760531491511043, "end_to_end_targets_per_second_this_process": 36308.10274038856}
{"timestamp_utc": "2026-10-04T10:48:37.628605+00:00", "event": "training_progress", "step": 760, "committed_targets": 22568960, "valid_targets_this_update": 29696, "training_loss_this_update": 5.671091803188982, "lr": 0.00037108143700879405, "end_to_end_targets_per_second_this_process": 36336.590521791564}
{"timestamp_utc": "2026-10-04T10:48:45.317456+00:00", "event": "training_progress", "step": 770, "committed_targets": 22865920, "valid_targets_this_update": 29696, "training_loss_this_update": 5.728745296083647, "lr": 0.00036609542313326, "end_to_end_targets_per_second_this_process": 36364.538047954404}
{"timestamp_utc": "2026-10-04T10:48:53.003124+00:00", "event": "training_progress", "step": 780, "committed_targets": 23162880, "valid_targets_this_update": 29696, "training_loss_this_update": 5.659275712638066, "lr": 0.0003610968433118917, "end_to_end_targets_per_second_this_process": 36391.99243123813}
{"timestamp_utc": "2026-10-04T10:49:00.684101+00:00", "event": "training_progress", "step": 790, "committed_targets": 23459840, "valid_targets_this_update": 29696, "training_loss_this_update": 5.778996960870151, "lr": 0.0003560874377066772, "end_to_end_targets_per_second_this_process": 36419.05685483037}
{"timestamp_utc": "2026-10-04T10:49:08.369444+00:00", "event": "training_progress", "step": 800, "committed_targets": 23756800, "valid_targets_this_update": 29696, "training_loss_this_update": 6.1007319483263736, "lr": 0.00035106895024839864, "end_to_end_targets_per_second_this_process": 36445.23952931126}
{"timestamp_utc": "2026-10-04T10:49:09.377468+00:00", "event": "checkpoint", "step": 800, "committed_targets": 23756800, "path": "/content/drive/MyDrive/Reversability/baseline-recovery-7bldlite/artifacts/reversible-v1/runs/euler_20m_fineweb_edu_50m_v1_matched/latest.pt"}
{"timestamp_utc": "2026-10-04T10:49:17.098024+00:00", "event": "training_progress", "step": 810, "committed_targets": 24053760, "valid_targets_this_update": 29696, "training_loss_this_update": 5.662911250673491, "lr": 0.00034604312802951546, "end_to_end_targets_per_second_this_process": 36413.21410787158}
{"timestamp_utc": "2026-10-04T10:49:24.789373+00:00", "event": "training_progress", "step": 820, "committed_targets": 24350720, "valid_targets_this_update": 29696, "training_loss_this_update": 5.924055954505658, "lr": 0.0003410117206959464, "end_to_end_targets_per_second_this_process": 36438.49334756951}
{"timestamp_utc": "2026-10-04T10:49:34.865924+00:00", "event": "training_progress", "step": 830, "committed_targets": 24647680, "valid_targets_this_update": 29696, "training_loss_this_update": 5.9496875631398165, "lr": 0.00033597647983796356, "end_to_end_targets_per_second_this_process": 36334.98511383763}
{"timestamp_utc": "2026-10-04T10:49:42.559364+00:00", "event": "training_progress", "step": 840, "committed_targets": 24944640, "valid_targets_this_update": 29696, "training_loss_this_update": 5.809119388974946, "lr": 0.00033093915838040854, "end_to_end_targets_per_second_this_process": 36360.37577054128}
{"timestamp_utc": "2026-10-04T10:49:50.254617+00:00", "event": "training_progress", "step": 850, "committed_targets": 25241600, "valid_targets_this_update": 29696, "training_loss_this_update": 5.9861863234947466, "lr": 0.0003259015099724452, "end_to_end_targets_per_second_this_process": 36385.10813689776}
{"timestamp_utc": "2026-10-04T10:49:57.940836+00:00", "event": "training_progress", "step": 860, "committed_targets": 25538560, "valid_targets_this_update": 29696, "training_loss_this_update": 5.983924865722656, "lr": 0.00032086528837705855, "end_to_end_targets_per_second_this_process": 36409.766738895654}
{"timestamp_utc": "2026-10-04T10:50:05.625361+00:00", "event": "training_progress", "step": 870, "committed_targets": 25835520, "valid_targets_this_update": 29696, "training_loss_this_update": 6.053021135001347, "lr": 0.0003158322468605157, "end_to_end_targets_per_second_this_process": 36433.97794484553}
{"timestamp_utc": "2026-10-04T10:50:13.306086+00:00", "event": "training_progress", "step": 880, "committed_targets": 26132480, "valid_targets_this_update": 29696, "training_loss_this_update": 5.835890145137392, "lr": 0.00031080413758199894, "end_to_end_targets_per_second_this_process": 36457.86320435006}
{"timestamp_utc": "2026-10-04T10:50:20.991214+00:00", "event": "training_progress", "step": 890, "committed_targets": 26429440, "valid_targets_this_update": 29696, "training_loss_this_update": 5.990926282159213, "lr": 0.00030578271098362424, "end_to_end_targets_per_second_this_process": 36481.020331867825}
{"timestamp_utc": "2026-10-04T10:50:28.673455+00:00", "event": "training_progress", "step": 900, "committed_targets": 26726400, "valid_targets_this_update": 29696, "training_loss_this_update": 5.82593141753098, "lr": 0.00030076971518105727, "end_to_end_targets_per_second_this_process": 36503.835228833756}
{"timestamp_utc": "2026-10-04T10:50:29.529565+00:00", "event": "checkpoint", "step": 900, "committed_targets": 26726400, "path": "/content/drive/MyDrive/Reversability/baseline-recovery-7bldlite/artifacts/reversible-v1/runs/euler_20m_fineweb_edu_50m_v1_matched/latest.pt"}
{"timestamp_utc": "2026-10-04T10:50:37.242808+00:00", "event": "training_progress", "step": 910, "committed_targets": 27023360, "valid_targets_this_update": 29696, "training_loss_this_update": 5.999574332401671, "lr": 0.00029576689535494035, "end_to_end_targets_per_second_this_process": 36482.43152931066}
{"timestamp_utc": "2026-10-04T10:50:44.944503+00:00", "event": "training_progress", "step": 920, "committed_targets": 27320320, "valid_targets_this_update": 29696, "training_loss_this_update": 5.983476046858163, "lr": 0.00029077599314334, "end_to_end_targets_per_second_this_process": 36503.787647209174}
{"timestamp_utc": "2026-10-04T10:50:55.280869+00:00", "event": "training_progress", "step": 930, "committed_targets": 27617280, "valid_targets_this_update": 29696, "training_loss_this_update": 5.805427288186961, "lr": 0.0002857987460354281, "end_to_end_targets_per_second_this_process": 36397.88262805969}
{"timestamp_utc": "2026-10-04T10:51:02.955489+00:00", "event": "training_progress", "step": 940, "committed_targets": 27914240, "valid_targets_this_update": 29696, "training_loss_this_update": 5.982893318965517, "lr": 0.0002808368867666082, "end_to_end_targets_per_second_this_process": 36420.87224207102}
{"timestamp_utc": "2026-10-04T10:51:10.643773+00:00", "event": "training_progress", "step": 950, "committed_targets": 28211200, "valid_targets_this_update": 29696, "training_loss_this_update": 5.956810523723734, "lr": 0.00027589214271529555, "end_to_end_targets_per_second_this_process": 36442.76290137425}
{"timestamp_utc": "2026-10-04T10:51:18.329061+00:00", "event": "training_progress", "step": 960, "committed_targets": 28508160, "valid_targets_this_update": 29696, "training_loss_this_update": 5.7768054830616915, "lr": 0.00027096623530156256, "end_to_end_targets_per_second_this_process": 36464.36262255856}
{"timestamp_utc": "2026-10-04T10:51:26.015274+00:00", "event": "training_progress", "step": 970, "committed_targets": 28805120, "valid_targets_this_update": 29696, "training_loss_this_update": 5.6507152688914335, "lr": 0.0002660608793878594, "end_to_end_targets_per_second_this_process": 36485.49912674311}
{"timestamp_utc": "2026-10-04T10:51:33.699389+00:00", "event": "training_progress", "step": 980, "committed_targets": 29102080, "valid_targets_this_update": 29696, "training_loss_this_update": 5.864542204758217, "lr": 0.000261177782682016, "end_to_end_targets_per_second_this_process": 36506.32429677655}
{"timestamp_utc": "2026-10-04T10:51:41.385883+00:00", "event": "training_progress", "step": 990, "committed_targets": 29399040, "valid_targets_this_update": 29696, "training_loss_this_update": 5.718535061540274, "lr": 0.0002563186451427359, "end_to_end_targets_per_second_this_process": 36526.64336405058}
{"timestamp_utc": "2026-10-04T10:51:49.078592+00:00", "event": "training_progress", "step": 1000, "committed_targets": 29696000, "valid_targets_this_update": 29696, "training_loss_this_update": 5.812660743450296, "lr": 0.00025148515838778696, "end_to_end_targets_per_second_this_process": 36546.29877226553}
{"timestamp_utc": "2026-10-04T10:51:57.382638+00:00", "event": "validation", "step": 1000, "committed_targets": 29696000, "validation_targets": 1000000, "validation_loss": 5.778749160644531, "best_validation_loss": 5.778749160644531, "best_validation_step": 1000}
{"timestamp_utc": "2026-10-04T10:51:58.177585+00:00", "event": "checkpoint", "step": 1000, "committed_targets": 29696000, "path": "/content/drive/MyDrive/Reversability/baseline-recovery-7bldlite/artifacts/reversible-v1/runs/euler_20m_fineweb_edu_50m_v1_matched/latest.pt"}
{"timestamp_utc": "2026-10-04T10:52:03.266736+00:00", "event": "best_checkpoint", "step": 1000, "committed_targets": 29696000, "validation_loss": 5.778749160644531, "path": "/content/drive/MyDrive/Reversability/baseline-recovery-7bldlite/artifacts/reversible-v1/runs/euler_20m_fineweb_edu_50m_v1_matched/best.pt"}
{"timestamp_utc": "2026-10-04T10:52:10.856258+00:00", "event": "training_progress", "step": 1010, "committed_targets": 29992960, "valid_targets_this_update": 29696, "training_loss_this_update": 5.848995077198949, "lr": 0.0002466790051050971, "end_to_end_targets_per_second_this_process": 35948.29868784102}
{"timestamp_utc": "2026-10-04T10:52:21.775665+00:00", "event": "training_progress", "step": 1020, "committed_targets": 30289920, "valid_targets_this_update": 29696, "training_loss_this_update": 5.841530109273976, "lr": 0.00024190185846695745, "end_to_end_targets_per_second_this_process": 35835.22743509266}
{"timestamp_utc": "2026-10-04T10:52:29.458867+00:00", "event": "training_progress", "step": 1030, "committed_targets": 30586880, "valid_targets_this_update": 29696, "training_loss_this_update": 5.790493143015895, "lr": 0.0002371553815475387, "end_to_end_targets_per_second_this_process": 35860.58754001594}
{"timestamp_utc": "2026-10-04T10:52:37.193188+00:00", "event": "training_progress", "step": 1040, "committed_targets": 30883840, "valid_targets_this_update": 29696, "training_loss_this_update": 5.8325082186994885, "lr": 0.00023244122674392334, "end_to_end_targets_per_second_this_process": 35883.363612655}
{"timestamp_utc": "2026-10-04T10:52:46.196315+00:00", "event": "training_progress", "step": 1050, "committed_targets": 31180800, "valid_targets_this_update": 29696, "training_loss_this_update": 5.794598020356277, "lr": 0.00022776103520085424, "end_to_end_targets_per_second_this_process": 35853.34954756744}
{"timestamp_utc": "2026-10-04T10:52:53.903471+00:00", "event": "training_progress", "step": 1060, "committed_targets": 31477760, "valid_targets_this_update": 29696, "training_loss_this_update": 5.677025104391164, "lr": 0.00022311643623940095, "end_to_end_targets_per_second_this_process": 35876.86562751582}
{"timestamp_utc": "2026-10-04T10:53:01.596347+00:00", "event": "training_progress", "step": 1070, "committed_targets": 31774720, "valid_targets_this_update": 29696, "training_loss_this_update": 6.061602362271013, "lr": 0.00021850904678974193, "end_to_end_targets_per_second_this_process": 35900.55150619655}
{"timestamp_utc": "2026-10-04T10:53:09.287233+00:00", "event": "training_progress", "step": 1080, "committed_targets": 32071680, "valid_targets_this_update": 29696, "training_loss_this_update": 5.797287513469827, "lr": 0.00021394047082826087, "end_to_end_targets_per_second_this_process": 35923.90924117097}
{"timestamp_utc": "2026-10-04T10:53:16.977317+00:00", "event": "training_progress", "step": 1090, "committed_targets": 32368640, "valid_targets_this_update": 29696, "training_loss_this_update": 5.6722130611025054, "lr": 0.00020941229881915214, "end_to_end_targets_per_second_this_process": 35946.89985739908}
{"timestamp_utc": "2026-10-04T10:53:24.640421+00:00", "event": "training_progress", "step": 1100, "committed_targets": 32665600, "valid_targets_this_update": 29696, "training_loss_this_update": 5.622302614409348, "lr": 0.00020492610716073034, "end_to_end_targets_per_second_this_process": 35970.56971470927}
{"timestamp_utc": "2026-10-04T10:53:25.549916+00:00", "event": "checkpoint", "step": 1100, "committed_targets": 32665600, "path": "/content/drive/MyDrive/Reversability/baseline-recovery-7bldlite/artifacts/reversible-v1/runs/euler_20m_fineweb_edu_50m_v1_matched/latest.pt"}
{"timestamp_utc": "2026-10-04T10:53:33.177832+00:00", "event": "training_progress", "step": 1110, "committed_targets": 32962560, "valid_targets_this_update": 29696, "training_loss_this_update": 5.66473362363618, "lr": 0.00020048345763663686, "end_to_end_targets_per_second_this_process": 35959.51266277943}
{"timestamp_utc": "2026-10-04T10:53:40.833727+00:00", "event": "training_progress", "step": 1120, "committed_targets": 33259520, "valid_targets_this_update": 29696, "training_loss_this_update": 5.6049738916857486, "lr": 0.00019608589687213448, "end_to_end_targets_per_second_this_process": 35982.94393804732}
{"timestamp_utc": "2026-10-04T10:53:51.082703+00:00", "event": "training_progress", "step": 1130, "committed_targets": 33556480, "valid_targets_this_update": 29696, "training_loss_this_update": 5.560214338631465, "lr": 0.00019173495579567814, "end_to_end_targets_per_second_this_process": 35906.086151892756}
{"timestamp_utc": "2026-10-04T10:53:58.768120+00:00", "event": "training_progress", "step": 1140, "committed_targets": 33853440, "valid_targets_this_update": 29696, "training_loss_this_update": 5.641663913069101, "lr": 0.00018743214910595102, "end_to_end_targets_per_second_this_process": 35928.38046796626}
{"timestamp_utc": "2026-10-04T10:54:06.464968+00:00", "event": "training_progress", "step": 1150, "committed_targets": 34150400, "valid_targets_this_update": 29696, "training_loss_this_update": 5.699686773892107, "lr": 0.0001831789747445512, "end_to_end_targets_per_second_this_process": 35949.88146684032}
{"timestamp_utc": "2026-10-04T10:54:14.158801+00:00", "event": "training_progress", "step": 1160, "committed_targets": 34447360, "valid_targets_this_update": 29696, "training_loss_this_update": 5.657649073107489, "lr": 0.00017897691337451002, "end_to_end_targets_per_second_this_process": 35971.14994201353}
{"timestamp_utc": "2026-10-04T10:54:21.850884+00:00", "event": "training_progress", "step": 1170, "committed_targets": 34744320, "valid_targets_this_update": 29696, "training_loss_this_update": 5.526616852858971, "lr": 0.00017482742786482849, "end_to_end_targets_per_second_this_process": 35992.14485065469}
{"timestamp_utc": "2026-10-04T10:54:29.531915+00:00", "event": "training_progress", "step": 1180, "committed_targets": 35041280, "valid_targets_this_update": 29696, "training_loss_this_update": 5.678034552212419, "lr": 0.00017073196278120557, "end_to_end_targets_per_second_this_process": 36013.21666625151}
{"timestamp_utc": "2026-10-04T10:54:37.215554+00:00", "event": "training_progress", "step": 1190, "committed_targets": 35338240, "valid_targets_this_update": 29696, "training_loss_this_update": 5.775013890759698, "lr": 0.0001666919438831406, "end_to_end_targets_per_second_this_process": 36033.86278805302}
{"timestamp_utc": "2026-10-04T10:54:44.897816+00:00", "event": "training_progress", "step": 1200, "committed_targets": 35635200, "valid_targets_this_update": 29696, "training_loss_this_update": 5.613812939874057, "lr": 0.00016270877762758108, "end_to_end_targets_per_second_this_process": 36054.23791904363}
{"timestamp_utc": "2026-10-04T10:54:45.813136+00:00", "event": "checkpoint", "step": 1200, "committed_targets": 35635200, "path": "/content/drive/MyDrive/Reversability/baseline-recovery-7bldlite/artifacts/reversible-v1/runs/euler_20m_fineweb_edu_50m_v1_matched/latest.pt"}
{"timestamp_utc": "2026-10-04T10:54:53.490153+00:00", "event": "training_progress", "step": 1210, "committed_targets": 35932160, "valid_targets_this_update": 29696, "training_loss_this_update": 5.766640498720366, "lr": 0.00015878385067929135, "end_to_end_targets_per_second_this_process": 36041.368759124234}
{"timestamp_utc": "2026-10-04T10:55:01.169878+00:00", "event": "training_progress", "step": 1220, "committed_targets": 36229120, "valid_targets_this_update": 29696, "training_loss_this_update": 5.709067772174704, "lr": 0.00015491852942811152, "end_to_end_targets_per_second_this_process": 36061.447642858286}
{"timestamp_utc": "2026-10-04T10:55:09.548650+00:00", "event": "training_progress", "step": 1230, "committed_targets": 36526080, "valid_targets_this_update": 29696, "training_loss_this_update": 5.576970330600081, "lr": 0.00015111415951327375, "end_to_end_targets_per_second_this_process": 36056.323717727806}
{"timestamp_utc": "2026-10-04T10:55:17.227651+00:00", "event": "training_progress", "step": 1240, "committed_targets": 36823040, "valid_targets_this_update": 29696, "training_loss_this_update": 5.756460781755118, "lr": 0.00014737206535494362, "end_to_end_targets_per_second_this_process": 36075.999809650464}
{"timestamp_utc": "2026-10-04T10:55:24.921309+00:00", "event": "training_progress", "step": 1250, "committed_targets": 37120000, "valid_targets_this_update": 29696, "training_loss_this_update": 5.79107613399111, "lr": 0.00014369354969314817, "end_to_end_targets_per_second_this_process": 36094.86746495853}
{"timestamp_utc": "2026-10-04T10:55:32.609520+00:00", "event": "training_progress", "step": 1260, "committed_targets": 37416960, "valid_targets_this_update": 29696, "training_loss_this_update": 5.688838037951239, "lr": 0.00014007989313425054, "end_to_end_targets_per_second_this_process": 36113.64489159347}
{"timestamp_utc": "2026-10-04T10:55:40.293848+00:00", "event": "training_progress", "step": 1270, "committed_targets": 37713920, "valid_targets_this_update": 29696, "training_loss_this_update": 5.518946154364224, "lr": 0.00013653235370513192, "end_to_end_targets_per_second_this_process": 36132.28001035893}
{"timestamp_utc": "2026-10-04T10:55:47.977888+00:00", "event": "training_progress", "step": 1280, "committed_targets": 38010880, "valid_targets_this_update": 29696, "training_loss_this_update": 5.545472506819101, "lr": 0.00013305216641523244, "end_to_end_targets_per_second_this_process": 36150.65273333031}
{"timestamp_utc": "2026-10-04T10:55:55.662907+00:00", "event": "training_progress", "step": 1290, "committed_targets": 38307840, "valid_targets_this_update": 29696, "training_loss_this_update": 5.543980302481816, "lr": 0.00012964054282660562, "end_to_end_targets_per_second_this_process": 36168.725406186255}
{"timestamp_utc": "2026-10-04T10:56:03.348458+00:00", "event": "training_progress", "step": 1300, "committed_targets": 38604800, "valid_targets_this_update": 29696, "training_loss_this_update": 5.52911324336611, "lr": 0.00012629867063213606, "end_to_end_targets_per_second_this_process": 36186.51968011314}
{"timestamp_utc": "2026-10-04T10:56:04.197584+00:00", "event": "checkpoint", "step": 1300, "committed_targets": 38604800, "path": "/content/drive/MyDrive/Reversability/baseline-recovery-7bldlite/artifacts/reversible-v1/runs/euler_20m_fineweb_edu_50m_v1_matched/latest.pt"}
{"timestamp_utc": "2026-10-04T10:56:11.897355+00:00", "event": "training_progress", "step": 1310, "committed_targets": 38901760, "valid_targets_this_update": 29696, "training_loss_this_update": 5.591719002559267, "lr": 0.00012302771324206624, "end_to_end_targets_per_second_this_process": 36174.99376625225}
{"timestamp_utc": "2026-10-04T10:56:19.596462+00:00", "event": "training_progress", "step": 1320, "committed_targets": 39198720, "valid_targets_this_update": 29696, "training_loss_this_update": 5.7348004045157595, "lr": 0.00011982880937897719, "end_to_end_targets_per_second_this_process": 36192.02373940996}
{"timestamp_utc": "2026-10-04T10:56:29.197847+00:00", "event": "training_progress", "step": 1330, "committed_targets": 39495680, "valid_targets_this_update": 29696, "training_loss_this_update": 5.589013724491514, "lr": 0.00011670307268136327, "end_to_end_targets_per_second_this_process": 36145.77630037199}
{"timestamp_utc": "2026-10-04T10:56:36.887167+00:00", "event": "training_progress", "step": 1340, "committed_targets": 39792640, "valid_targets_this_update": 29696, "training_loss_this_update": 5.604013377222522, "lr": 0.00011365159131593988, "end_to_end_targets_per_second_this_process": 36163.06478474767}
{"timestamp_utc": "2026-10-04T10:56:44.572116+00:00", "event": "training_progress", "step": 1350, "committed_targets": 40089600, "valid_targets_this_update": 29696, "training_loss_this_update": 5.4207566359947466, "lr": 0.00011067542759881881, "end_to_end_targets_per_second_this_process": 36180.255808528804}
{"timestamp_utc": "2026-10-04T10:56:52.257501+00:00", "event": "training_progress", "step": 1360, "committed_targets": 40386560, "valid_targets_this_update": 29696, "training_loss_this_update": 5.465076314991918, "lr": 0.00010777561762568245, "end_to_end_targets_per_second_this_process": 36197.19603351674}
{"timestamp_utc": "2026-10-04T10:56:59.941720+00:00", "event": "training_progress", "step": 1370, "committed_targets": 40683520, "valid_targets_this_update": 29696, "training_loss_this_update": 5.5851158931337554, "lr": 0.0001049531709110866, "end_to_end_targets_per_second_this_process": 36213.942011259205}
{"timestamp_utc": "2026-10-04T10:57:07.630938+00:00", "event": "training_progress", "step": 1380, "committed_targets": 40980480, "valid_targets_this_update": 29696, "training_loss_this_update": 5.4967062062230605, "lr": 0.00010220907003701698, "end_to_end_targets_per_second_this_process": 36230.30036171697}
{"timestamp_utc": "2026-10-04T10:57:15.313709+00:00", "event": "training_progress", "step": 1390, "committed_targets": 41277440, "valid_targets_this_update": 29696, "training_loss_this_update": 5.6971851217335665, "lr": 9.954427031082159e-05, "end_to_end_targets_per_second_this_process": 36246.64296327431}
{"timestamp_utc": "2026-10-04T10:57:23.003285+00:00", "event": "training_progress", "step": 1400, "committed_targets": 41574400, "valid_targets_this_update": 29696, "training_loss_this_update": 5.498011621935614, "lr": 9.695969943263821e-05, "end_to_end_targets_per_second_this_process": 36262.55135503577}
{"timestamp_utc": "2026-10-04T10:57:23.783848+00:00", "event": "checkpoint", "step": 1400, "committed_targets": 41574400, "path": "/content/drive/MyDrive/Reversability/baseline-recovery-7bldlite/artifacts/reversible-v1/runs/euler_20m_fineweb_edu_50m_v1_matched/latest.pt"}
{"timestamp_utc": "2026-10-04T10:57:31.507001+00:00", "event": "training_progress", "step": 1410, "committed_targets": 41871360, "valid_targets_this_update": 29696, "training_loss_this_update": 5.390620790678879, "lr": 9.445625717243342e-05, "end_to_end_targets_per_second_this_process": 36252.67554727429}
{"timestamp_utc": "2026-10-04T10:57:39.202192+00:00", "event": "training_progress", "step": 1420, "committed_targets": 42168320, "valid_targets_this_update": 29696, "training_loss_this_update": 5.429839824808055, "lr": 9.203481505676402e-05, "end_to_end_targets_per_second_this_process": 36268.14735643698}
{"timestamp_utc": "2026-10-04T10:57:48.834040+00:00", "event": "training_progress", "step": 1430, "committed_targets": 42465280, "valid_targets_this_update": 29696, "training_loss_this_update": 5.37481347445784, "lr": 8.969621606537156e-05, "end_to_end_targets_per_second_this_process": 36223.47566211381}
{"timestamp_utc": "2026-10-04T10:57:56.517745+00:00", "event": "training_progress", "step": 1440, "committed_targets": 42762240, "valid_targets_this_update": 29696, "training_loss_this_update": 5.485625168372845, "lr": 8.744127433771485e-05, "end_to_end_targets_per_second_this_process": 36239.26329994798}
{"timestamp_utc": "2026-10-04T10:58:04.202403+00:00", "event": "training_progress", "step": 1450, "committed_targets": 43059200, "valid_targets_this_update": 29696, "training_loss_this_update": 5.6074763330919986, "lr": 8.527077488954245e-05, "end_to_end_targets_per_second_this_process": 36254.81771829655}
{"timestamp_utc": "2026-10-04T10:58:11.887841+00:00", "event": "training_progress", "step": 1460, "committed_targets": 43356160, "valid_targets_this_update": 29696, "training_loss_this_update": 5.4621555722993, "lr": 8.31854733396041e-05, "end_to_end_targets_per_second_this_process": 36270.148418948425}
{"timestamp_utc": "2026-10-04T10:58:19.571298+00:00", "event": "training_progress", "step": 1470, "committed_targets": 43653120, "valid_targets_this_update": 29696, "training_loss_this_update": 5.29626438535493, "lr": 8.118609564659613e-05, "end_to_end_targets_per_second_this_process": 36285.34302083671}
{"timestamp_utc": "2026-10-04T10:58:27.258978+00:00", "event": "training_progress", "step": 1480, "committed_targets": 43950080, "valid_targets_this_update": 29696, "training_loss_this_update": 5.37774763436153, "lr": 7.927333785643286e-05, "end_to_end_targets_per_second_this_process": 36300.21814815539}
{"timestamp_utc": "2026-10-04T10:58:34.953943+00:00", "event": "training_progress", "step": 1490, "committed_targets": 44247040, "valid_targets_this_update": 29696, "training_loss_this_update": 5.519494944605334, "lr": 7.744786585993084e-05, "end_to_end_targets_per_second_this_process": 36314.68844034048}
{"timestamp_utc": "2026-10-04T10:58:42.649856+00:00", "event": "training_progress", "step": 1500, "committed_targets": 44544000, "valid_targets_this_update": 29696, "training_loss_this_update": 5.4208918604357486, "lr": 7.571031516099156e-05, "end_to_end_targets_per_second_this_process": 36328.949046531954}
{"timestamp_utc": "2026-10-04T10:58:50.980634+00:00", "event": "validation", "step": 1500, "committed_targets": 44544000, "validation_targets": 1000000, "validation_loss": 5.597878079101562, "best_validation_loss": 5.597878079101562, "best_validation_step": 1500}
{"timestamp_utc": "2026-10-04T10:58:51.867867+00:00", "event": "checkpoint", "step": 1500, "committed_targets": 44544000, "path": "/content/drive/MyDrive/Reversability/baseline-recovery-7bldlite/artifacts/reversible-v1/runs/euler_20m_fineweb_edu_50m_v1_matched/latest.pt"}
{"timestamp_utc": "2026-10-04T10:58:53.825719+00:00", "event": "best_checkpoint", "step": 1500, "committed_targets": 44544000, "validation_loss": 5.597878079101562, "path": "/content/drive/MyDrive/Reversability/baseline-recovery-7bldlite/artifacts/reversible-v1/runs/euler_20m_fineweb_edu_50m_v1_matched/best.pt"}
{"timestamp_utc": "2026-10-04T10:59:01.572559+00:00", "event": "training_progress", "step": 1510, "committed_targets": 44840960, "valid_targets_this_update": 29696, "training_loss_this_update": 5.566168423356681, "lr": 7.406129065536293e-05, "end_to_end_targets_per_second_this_process": 36015.322141753146}
{"timestamp_utc": "2026-10-04T10:59:09.264501+00:00", "event": "training_progress", "step": 1520, "committed_targets": 45137920, "valid_targets_this_update": 29696, "training_loss_this_update": 5.481471883839574, "lr": 7.25013664200557e-05, "end_to_end_targets_per_second_this_process": 36031.23298098689}
{"timestamp_utc": "2026-10-04T10:59:20.310970+00:00", "event": "training_progress", "step": 1530, "committed_targets": 45434880, "valid_targets_this_update": 29696, "training_loss_this_update": 5.378424808896821, "lr": 7.103108551348959e-05, "end_to_end_targets_per_second_this_process": 35951.26884766391}
{"timestamp_utc": "2026-10-04T10:59:27.998292+00:00", "event": "training_progress", "step": 1540, "committed_targets": 45731840, "valid_targets_this_update": 29696, "training_loss_this_update": 5.31835648109173, "lr": 6.965095978643769e-05, "end_to_end_targets_per_second_this_process": 35967.46343074898}
{"timestamp_utc": "2026-10-04T10:59:35.685134+00:00", "event": "training_progress", "step": 1550, "committed_targets": 46028800, "valid_targets_this_update": 29696, "training_loss_this_update": 5.646631701239224, "lr": 6.836146970383501e-05, "end_to_end_targets_per_second_this_process": 35983.47688885229}
{"timestamp_utc": "2026-10-04T10:59:44.682836+00:00", "event": "training_progress", "step": 1560, "committed_targets": 46325760, "valid_targets_this_update": 29696, "training_loss_this_update": 5.5155487060546875, "lr": 6.716306417751369e-05, "end_to_end_targets_per_second_this_process": 35962.66530810998}
{"timestamp_utc": "2026-10-04T10:59:52.381102+00:00", "event": "training_progress", "step": 1570, "committed_targets": 46622720, "valid_targets_this_update": 29696, "training_loss_this_update": 5.555437548407193, "lr": 6.605616040992282e-05, "end_to_end_targets_per_second_this_process": 35978.183842938815}
{"timestamp_utc": "2026-10-04T11:00:00.068302+00:00", "event": "training_progress", "step": 1580, "committed_targets": 46919680, "valid_targets_this_update": 29696, "training_loss_this_update": 5.762259384681439, "lr": 6.504114374888716e-05, "end_to_end_targets_per_second_this_process": 35993.82459268766}
{"timestamp_utc": "2026-10-04T11:00:07.756233+00:00", "event": "training_progress", "step": 1590, "committed_targets": 47216640, "valid_targets_this_update": 29696, "training_loss_this_update": 5.377110185294316, "lr": 6.411836755345544e-05, "end_to_end_targets_per_second_this_process": 36009.26192148269}
{"timestamp_utc": "2026-10-04T11:00:15.438978+00:00", "event": "training_progress", "step": 1600, "committed_targets": 47513600, "valid_targets_this_update": 29696, "training_loss_this_update": 5.3816946621598865, "lr": 6.32881530708852e-05, "end_to_end_targets_per_second_this_process": 36024.660908474354}
{"timestamp_utc": "2026-10-04T11:00:16.263827+00:00", "event": "checkpoint", "step": 1600, "committed_targets": 47513600, "path": "/content/drive/MyDrive/Reversability/baseline-recovery-7bldlite/artifacts/reversible-v1/runs/euler_20m_fineweb_edu_50m_v1_matched/latest.pt"}
{"timestamp_utc": "2026-10-04T11:00:23.951600+00:00", "event": "training_progress", "step": 1610, "committed_targets": 47810560, "valid_targets_this_update": 29696, "training_loss_this_update": 5.538220898858432, "lr": 6.255078932480632e-05, "end_to_end_targets_per_second_this_process": 36017.35031657186}
{"timestamp_utc": "2026-10-04T11:00:31.639511+00:00", "event": "training_progress", "step": 1620, "committed_targets": 48107520, "valid_targets_this_update": 29696, "training_loss_this_update": 5.36120973784348, "lr": 6.190653301460314e-05, "end_to_end_targets_per_second_this_process": 36032.3765650524}
{"timestamp_utc": "2026-10-04T11:00:40.623836+00:00", "event": "training_progress", "step": 1630, "committed_targets": 48404480, "valid_targets_this_update": 29696, "training_loss_this_update": 5.433601642477101, "lr": 6.135560842604915e-05, "end_to_end_targets_per_second_this_process": 36012.46248664741}
{"timestamp_utc": "2026-10-04T11:00:48.320026+00:00", "event": "training_progress", "step": 1640, "committed_targets": 48701440, "valid_targets_this_update": 29696, "training_loss_this_update": 5.603974441002155, "lr": 6.089820735322619e-05, "end_to_end_targets_per_second_this_process": 36027.11054022881}
{"timestamp_utc": "2026-10-04T11:00:56.018468+00:00", "event": "training_progress", "step": 1650, "committed_targets": 48998400, "valid_targets_this_update": 29696, "training_loss_this_update": 5.46948136954472, "lr": 6.0534489031754904e-05, "end_to_end_targets_per_second_this_process": 36041.53303814194}
{"timestamp_utc": "2026-10-04T11:01:03.716284+00:00", "event": "training_progress", "step": 1660, "committed_targets": 49295360, "valid_targets_this_update": 29696, "training_loss_this_update": 5.684405885893723, "lr": 6.026458008335989e-05, "end_to_end_targets_per_second_this_process": 36055.80962395697}
{"timestamp_utc": "2026-10-04T11:01:11.399989+00:00", "event": "training_progress", "step": 1670, "committed_targets": 49592320, "valid_targets_this_update": 29696, "training_loss_this_update": 5.587597287934402, "lr": 6.0088574471788666e-05, "end_to_end_targets_per_second_this_process": 36070.2965550436}
{"timestamp_utc": "2026-10-04T11:01:19.083350+00:00", "event": "training_progress", "step": 1680, "committed_targets": 49889280, "valid_targets_this_update": 29696, "training_loss_this_update": 5.534802667025862, "lr": 6.000653347009994e-05, "end_to_end_targets_per_second_this_process": 36084.631451243054}
{"timestamp_utc": "2026-10-04T11:01:21.958955+00:00", "event": "training_progress", "step": 1684, "committed_targets": 50000000, "valid_targets_this_update": 21632, "training_loss_this_update": 5.583616719443417, "lr": 6e-05, "end_to_end_targets_per_second_this_process": 36089.6514254045}
{"timestamp_utc": "2026-10-04T11:01:30.310703+00:00", "event": "validation", "step": 1684, "committed_targets": 50000000, "validation_targets": 1000000, "validation_loss": 5.565652200683593, "best_validation_loss": 5.565652200683593, "best_validation_step": 1684}
{"timestamp_utc": "2026-10-04T11:01:31.104544+00:00", "event": "checkpoint", "step": 1684, "committed_targets": 50000000, "path": "/content/drive/MyDrive/Reversability/baseline-recovery-7bldlite/artifacts/reversible-v1/runs/euler_20m_fineweb_edu_50m_v1_matched/latest.pt"}
{"timestamp_utc": "2026-10-04T11:01:37.803665+00:00", "event": "best_checkpoint", "step": 1684, "committed_targets": 50000000, "validation_loss": 5.565652200683593, "path": "/content/drive/MyDrive/Reversability/baseline-recovery-7bldlite/artifacts/reversible-v1/runs/euler_20m_fineweb_edu_50m_v1_matched/best.pt"}
{"timestamp_utc": "2026-10-04T11:01:37.844429+00:00", "event": "run_summary", "experiment_name": "euler_20m_fineweb_edu_50m_v1_matched", "completed_full_target_budget": true, "committed_targets": 50000000, "target_budget": 50000000, "optimizer_steps": 1684, "final_validation_loss": 5.565652200683593, "best_validation_loss": 5.565652200683593, "best_validation_step": 1684, "elapsed_seconds_this_process": 1401.316090763, "end_to_end_targets_per_second_this_process": 35680.74350218557, "peak_cuda_allocated_bytes": 9379268096, "peak_cuda_reserved_bytes": 12366905344, "checkpoint": "/content/drive/MyDrive/Reversability/baseline-recovery-7bldlite/artifacts/reversible-v1/runs/euler_20m_fineweb_edu_50m_v1_matched/latest.pt", "best_checkpoint": "/content/drive/MyDrive/Reversability/baseline-recovery-7bldlite/artifacts/reversible-v1/runs/euler_20m_fineweb_edu_50m_v1_matched/best.pt"}
Matched runs complete. Run review phase and hold the planning session before maximum phase.

[2026-10-04T12:27:18.644082+00:00] $ /usr/bin/python3 -u /content/Reversability/scripts/run_reversible_study.py matched --artifacts /content/drive/MyDrive/Reversability/baseline-recovery-7bldlite/artifacts
Matched runs complete. Run review phase and hold the planning session before maximum phase.
